CREATE DATABASE  IF NOT EXISTS `kparkingdb` /*!40100 DEFAULT CHARACTER SET latin1 */;
USE `kparkingdb`;
-- MySQL dump 10.13  Distrib 5.6.11, for Win32 (x86)
--
-- Host: 127.0.0.1    Database: kparkingdb
-- ------------------------------------------------------
-- Server version	5.5.32

/*!40101 SET @OLD_CHARACTER_SET_CLIENT=@@CHARACTER_SET_CLIENT */;
/*!40101 SET @OLD_CHARACTER_SET_RESULTS=@@CHARACTER_SET_RESULTS */;
/*!40101 SET @OLD_COLLATION_CONNECTION=@@COLLATION_CONNECTION */;
/*!40101 SET NAMES utf8 */;
/*!40103 SET @OLD_TIME_ZONE=@@TIME_ZONE */;
/*!40103 SET TIME_ZONE='+00:00' */;
/*!40014 SET @OLD_UNIQUE_CHECKS=@@UNIQUE_CHECKS, UNIQUE_CHECKS=0 */;
/*!40014 SET @OLD_FOREIGN_KEY_CHECKS=@@FOREIGN_KEY_CHECKS, FOREIGN_KEY_CHECKS=0 */;
/*!40101 SET @OLD_SQL_MODE=@@SQL_MODE, SQL_MODE='NO_AUTO_VALUE_ON_ZERO' */;
/*!40111 SET @OLD_SQL_NOTES=@@SQL_NOTES, SQL_NOTES=0 */;

--
-- Table structure for table `accesos`
--

DROP TABLE IF EXISTS `accesos`;
/*!40101 SET @saved_cs_client     = @@character_set_client */;
/*!40101 SET character_set_client = utf8 */;
CREATE TABLE `accesos` (
  `id_usuario` int(11) DEFAULT NULL,
  `ip` varchar(45) DEFAULT NULL,
  `host` varchar(45) DEFAULT NULL,
  `fecha` date DEFAULT NULL,
  `hora` time DEFAULT NULL,
  `conect` tinyint(4) DEFAULT '0',
  `longitud` double DEFAULT NULL,
  `latitud` double DEFAULT NULL
) ENGINE=InnoDB DEFAULT CHARSET=latin1;
/*!40101 SET character_set_client = @saved_cs_client */;

--
-- Dumping data for table `accesos`
--

LOCK TABLES `accesos` WRITE;
/*!40000 ALTER TABLE `accesos` DISABLE KEYS */;
INSERT INTO `accesos` VALUES (2,'192.168.1.99','192.168.1.99','2013-08-27','09:40:42',0,-79.20366159999999,-4.0112013),(1,'192.168.1.99','192.168.1.99','2013-08-27','12:03:04',0,0,0),(15,'192.168.1.99','192.168.1.99','2013-08-25','11:01:45',1,NULL,NULL),(5,'192.168.1.99','192.168.1.99','2013-08-22','14:56:36',1,NULL,NULL),(6,'192.168.1.99','192.168.1.99','2013-08-27','13:17:03',1,-79.20446,-3.990138),(14,'192.168.1.99','192.168.1.99','2013-08-20','06:51:31',1,NULL,NULL),(38,'192.168.1.99','192.168.1.99','2013-08-23','20:10:43',1,NULL,NULL),(16,'192.168.1.99','192.168.1.99','2013-08-27','15:56:04',1,0,0),(4,'192.168.1.99','192.168.1.99','2013-08-27','08:52:42',1,-79.2034817,-4.0112387),(39,'192.168.1.99','192.168.1.99','2013-08-26','07:58:43',1,NULL,NULL),(21,'192.168.1.99','192.168.1.99','2013-08-20','10:00:56',1,NULL,NULL),(34,'192.168.1.99','192.168.1.99','2013-08-20','10:35:36',1,NULL,NULL),(22,'192.168.1.99','192.168.1.99','2013-08-27','15:32:53',1,-79.2018956,-4.0070849),(3,'192.168.1.99','192.168.1.99','2013-08-27','15:05:25',0,-79.2032902,-4.011411),(40,'192.168.1.99','192.168.1.99','2013-08-26','20:10:23',0,-79.20446,-3.990138),(7,'192.168.1.99','192.168.1.99','2013-08-26','20:55:25',0,0,0),(10,'192.168.1.99','192.168.1.99','2013-08-27','09:56:59',0,-79.20446,-3.990138),(20,'192.168.1.99','192.168.1.99','2013-08-27','10:12:41',0,-79.20446,-3.990138),(24,'190.111.85.164','190.111.85.164','2013-08-26','17:49:11',1,NULL,NULL),(33,'192.168.1.99','192.168.1.99','2013-08-27','09:54:20',0,-79.20446,-3.990138),(41,'192.168.1.99','192.168.1.99','2013-08-25','18:46:08',1,NULL,NULL),(31,'192.168.1.99','192.168.1.99','2013-08-27','13:56:45',1,-79.20446,-3.990138),(37,'192.168.1.99','192.168.1.99','2013-08-22','06:53:10',1,NULL,NULL),(17,'192.168.1.99','192.168.1.99','2013-08-27','12:25:25',1,0,0),(42,'81.113.237.138','81.113.237.138','2013-08-22','10:39:49',1,NULL,NULL),(43,'192.168.1.99','192.168.1.99','2013-08-26','20:06:54',0,0,0),(44,'192.168.1.99','192.168.1.99','2013-08-23','21:52:29',1,NULL,NULL),(29,'192.168.1.99','192.168.1.99','2013-08-25','13:28:05',1,NULL,NULL),(8,'186.178.156.125','192.168.1.99','2013-08-24','11:22:37',1,NULL,NULL),(30,'192.168.1.99','192.168.1.99','2013-08-26','10:10:20',1,NULL,NULL),(27,'192.168.1.99','192.168.1.99','2013-08-27','06:03:23',0,-79.2349102,-4.000134),(45,'192.168.1.99','192.168.1.99','2013-08-23','15:28:33',1,NULL,NULL),(25,'192.168.1.99','192.168.1.99','2013-08-24','17:46:33',1,NULL,NULL),(28,'192.168.1.99','192.168.1.99','2013-08-26','18:48:02',1,NULL,NULL),(46,'192.168.1.99','192.168.1.99','2013-08-27','13:25:51',1,-79.2349114,-4.000138100000001);
/*!40000 ALTER TABLE `accesos` ENABLE KEYS */;
UNLOCK TABLES;

--
-- Table structure for table `accesos_historico`
--

DROP TABLE IF EXISTS `accesos_historico`;
/*!40101 SET @saved_cs_client     = @@character_set_client */;
/*!40101 SET character_set_client = utf8 */;
CREATE TABLE `accesos_historico` (
  `ip` varchar(45) DEFAULT NULL,
  `host` varchar(45) DEFAULT NULL,
  `id_usuario` int(11) DEFAULT NULL,
  `fecha` date DEFAULT NULL,
  `hora` time DEFAULT NULL,
  `longitud` double DEFAULT NULL,
  `latitud` double DEFAULT NULL
) ENGINE=MyISAM DEFAULT CHARSET=utf8;
/*!40101 SET character_set_client = @saved_cs_client */;

--
-- Dumping data for table `accesos_historico`
--

LOCK TABLES `accesos_historico` WRITE;
/*!40000 ALTER TABLE `accesos_historico` DISABLE KEYS */;
INSERT INTO `accesos_historico` VALUES ('192.168.1.99','192.168.1.99',2,'2013-08-19','19:47:10',NULL,NULL),('192.168.1.99','192.168.1.99',1,'2013-08-19','19:59:54',NULL,NULL),('192.168.1.99','192.168.1.99',15,'2013-08-19','20:02:57',NULL,NULL),('192.168.1.99','192.168.1.99',1,'2013-08-19','20:10:30',NULL,NULL),('192.168.1.99','192.168.1.99',15,'2013-08-19','21:55:46',NULL,NULL),('186.178.135.5','186.178.135.5',1,'2013-08-19','23:57:18',NULL,NULL),('192.168.1.99','192.168.1.99',5,'2013-08-20','06:30:27',NULL,NULL),('192.168.1.99','192.168.1.99',6,'2013-08-20','06:43:23',NULL,NULL),('192.168.1.99','192.168.1.99',14,'2013-08-20','06:48:40',NULL,NULL),('192.168.1.99','192.168.1.99',14,'2013-08-20','06:51:29',NULL,NULL),('192.168.1.99','192.168.1.99',14,'2013-08-20','06:51:31',NULL,NULL),('192.168.1.99','192.168.1.99',38,'2013-08-20','07:17:34',NULL,NULL),('192.168.1.99','192.168.1.99',38,'2013-08-20','07:17:36',NULL,NULL),('192.168.1.99','192.168.1.99',38,'2013-08-20','08:08:51',NULL,NULL),('192.168.1.99','192.168.1.99',38,'2013-08-20','08:24:17',NULL,NULL),('192.168.1.99','192.168.1.99',38,'2013-08-20','08:29:45',NULL,NULL),('192.168.1.99','192.168.1.99',16,'2013-08-20','09:07:57',NULL,NULL),('192.168.1.99','192.168.1.99',1,'2013-08-20','09:08:18',NULL,NULL),('192.168.1.99','192.168.1.99',4,'2013-08-20','09:16:08',NULL,NULL),('192.168.1.99','192.168.1.99',39,'2013-08-20','09:21:56',NULL,NULL),('192.168.1.99','192.168.1.99',1,'2013-08-20','09:40:00',NULL,NULL),('192.168.1.99','192.168.1.99',38,'2013-08-20','09:42:12',NULL,NULL),('192.168.1.99','192.168.1.99',21,'2013-08-20','10:00:56',NULL,NULL),('192.168.1.99','192.168.1.99',34,'2013-08-20','10:33:47',NULL,NULL),('192.168.1.99','192.168.1.99',34,'2013-08-20','10:35:36',NULL,NULL),('192.168.1.99','192.168.1.99',22,'2013-08-20','10:51:25',NULL,NULL),('192.168.1.99','192.168.1.99',22,'2013-08-20','10:57:58',NULL,NULL),('192.168.1.99','192.168.1.99',1,'2013-08-20','12:19:56',NULL,NULL),('192.168.1.99','192.168.1.99',16,'2013-08-20','12:22:30',NULL,NULL),('192.168.1.99','192.168.1.99',3,'2013-08-20','12:39:39',NULL,NULL),('192.168.1.99','192.168.1.99',4,'2013-08-20','12:41:05',NULL,NULL),('192.168.1.99','192.168.1.99',1,'2013-08-20','12:48:44',NULL,NULL),('192.168.1.99','192.168.1.99',1,'2013-08-20','13:24:17',NULL,NULL),('192.168.1.99','192.168.1.99',1,'2013-08-20','13:26:22',NULL,NULL),('192.168.1.99','192.168.1.99',40,'2013-08-20','13:27:45',NULL,NULL),('192.168.1.99','192.168.1.99',40,'2013-08-20','13:28:38',NULL,NULL),('192.168.1.99','192.168.1.99',40,'2013-08-20','13:30:26',NULL,NULL),('192.168.1.99','192.168.1.99',1,'2013-08-20','13:30:33',NULL,NULL),('192.168.1.99','192.168.1.99',1,'2013-08-20','13:31:14',NULL,NULL),('192.168.1.99','192.168.1.99',1,'2013-08-20','13:31:48',NULL,NULL),('192.168.1.99','192.168.1.99',1,'2013-08-20','13:33:11',NULL,NULL),('192.168.1.99','192.168.1.99',1,'2013-08-20','13:34:00',NULL,NULL),('192.168.1.99','192.168.1.99',1,'2013-08-20','13:34:47',NULL,NULL),('192.168.1.99','192.168.1.99',1,'2013-08-20','13:35:20',NULL,NULL),('192.168.1.99','192.168.1.99',1,'2013-08-20','13:36:31',NULL,NULL),('192.168.1.99','192.168.1.99',40,'2013-08-20','13:39:39',NULL,NULL),('192.168.1.99','192.168.1.99',1,'2013-08-20','20:41:12',NULL,NULL),('192.168.1.99','192.168.1.99',1,'2013-08-20','21:26:07',NULL,NULL),('192.168.1.99','192.168.1.99',1,'2013-08-20','21:41:14',NULL,NULL),('192.168.1.99','192.168.1.99',7,'2013-08-21','06:19:13',NULL,NULL),('192.168.1.99','192.168.1.99',7,'2013-08-21','06:24:12',NULL,NULL),('192.168.1.99','192.168.1.99',10,'2013-08-21','06:29:41',NULL,NULL),('192.168.1.99','192.168.1.99',7,'2013-08-21','06:32:10',NULL,NULL),('192.168.1.99','192.168.1.99',15,'2013-08-21','07:04:51',NULL,NULL),('192.168.1.99','192.168.1.99',15,'2013-08-21','07:07:45',NULL,NULL),('192.168.1.99','192.168.1.99',20,'2013-08-21','07:25:41',NULL,NULL),('192.168.1.99','192.168.1.99',10,'2013-08-21','07:29:23',NULL,NULL),('190.111.85.164','190.111.85.164',24,'2013-08-21','08:39:45',NULL,NULL),('192.168.1.99','192.168.1.99',10,'2013-08-21','08:44:54',NULL,NULL),('190.111.85.164','190.111.85.164',24,'2013-08-21','09:08:44',NULL,NULL),('192.168.1.99','192.168.1.99',2,'2013-08-21','09:16:31',NULL,NULL),('192.168.1.99','192.168.1.99',1,'2013-08-21','09:17:48',NULL,NULL),('192.168.1.99','192.168.1.99',40,'2013-08-21','09:19:50',NULL,NULL),('192.168.1.99','192.168.1.99',15,'2013-08-21','09:21:50',NULL,NULL),('192.168.1.99','192.168.1.99',15,'2013-08-21','09:21:53',NULL,NULL),('192.168.1.99','192.168.1.99',10,'2013-08-21','09:32:13',NULL,NULL),('192.168.1.99','192.168.1.99',2,'2013-08-21','09:37:28',NULL,NULL),('192.168.1.99','192.168.1.99',1,'2013-08-21','09:38:15',NULL,NULL),('192.168.1.99','192.168.1.99',7,'2013-08-21','09:39:12',NULL,NULL),('192.168.1.99','192.168.1.99',3,'2013-08-21','09:39:57',NULL,NULL),('192.168.1.99','192.168.1.99',7,'2013-08-21','09:40:01',NULL,NULL),('192.168.1.99','192.168.1.99',7,'2013-08-21','09:42:21',NULL,NULL),('192.168.1.99','192.168.1.99',7,'2013-08-21','10:02:53',NULL,NULL),('192.168.1.99','192.168.1.99',7,'2013-08-21','10:02:55',NULL,NULL),('192.168.1.99','192.168.1.99',16,'2013-08-21','10:41:54',NULL,NULL),('192.168.1.99','192.168.1.99',4,'2013-08-21','11:06:06',NULL,NULL),('192.168.1.99','192.168.1.99',1,'2013-08-21','12:10:55',NULL,NULL),('192.168.1.99','192.168.1.99',1,'2013-08-21','12:13:06',NULL,NULL),('192.168.1.99','192.168.1.99',1,'2013-08-21','12:22:59',NULL,NULL),('192.168.1.99','192.168.1.99',15,'2013-08-21','12:36:33',NULL,NULL),('192.168.1.99','192.168.1.99',16,'2013-08-21','12:36:59',NULL,NULL),('192.168.1.99','192.168.1.99',1,'2013-08-21','12:39:53',NULL,NULL),('192.168.1.99','192.168.1.99',16,'2013-08-21','12:45:21',NULL,NULL),('192.168.1.99','192.168.1.99',1,'2013-08-21','12:49:17',NULL,NULL),('192.168.1.99','192.168.1.99',1,'2013-08-21','12:52:38',NULL,NULL),('192.168.1.99','192.168.1.99',16,'2013-08-21','13:01:51',NULL,NULL),('192.168.1.99','192.168.1.99',6,'2013-08-21','13:26:56',NULL,NULL),('192.168.1.99','192.168.1.99',10,'2013-08-21','13:28:03',NULL,NULL),('186.178.9.3','186.178.9.3',16,'2013-08-21','14:04:32',NULL,NULL),('186.178.9.3','186.178.9.3',16,'2013-08-21','14:06:35',NULL,NULL),('186.178.9.3','186.178.9.3',16,'2013-08-21','14:07:15',NULL,NULL),('186.178.9.3','186.178.9.3',16,'2013-08-21','14:09:25',NULL,NULL),('186.178.9.3','186.178.9.3',16,'2013-08-21','14:09:39',NULL,NULL),('186.178.9.3','186.178.9.3',16,'2013-08-21','14:10:46',NULL,NULL),('192.168.1.99','192.168.1.99',22,'2013-08-21','14:20:55',NULL,NULL),('192.168.1.99','192.168.1.99',39,'2013-08-21','14:21:40',NULL,NULL),('192.168.1.99','192.168.1.99',39,'2013-08-21','14:22:33',NULL,NULL),('192.168.1.99','192.168.1.99',39,'2013-08-21','14:26:46',NULL,NULL),('192.168.1.99','192.168.1.99',1,'2013-08-21','14:38:58',NULL,NULL),('192.168.1.99','192.168.1.99',40,'2013-08-21','14:43:32',NULL,NULL),('190.111.85.164','190.111.85.164',24,'2013-08-21','14:48:15',NULL,NULL),('192.168.1.99','192.168.1.99',33,'2013-08-21','15:36:02',NULL,NULL),('192.168.1.99','192.168.1.99',1,'2013-08-21','15:42:56',NULL,NULL),('192.168.1.99','192.168.1.99',33,'2013-08-21','15:42:58',NULL,NULL),('192.168.1.99','192.168.1.99',33,'2013-08-21','15:43:30',NULL,NULL),('192.168.1.99','192.168.1.99',33,'2013-08-21','15:46:04',NULL,NULL),('192.168.1.99','192.168.1.99',1,'2013-08-21','16:04:11',NULL,NULL),('192.168.1.99','192.168.1.99',1,'2013-08-21','16:16:34',NULL,NULL),('192.168.1.99','192.168.1.99',40,'2013-08-21','16:17:02',NULL,NULL),('192.168.1.99','192.168.1.99',39,'2013-08-21','16:18:16',NULL,NULL),('192.168.1.99','192.168.1.99',39,'2013-08-21','17:04:10',NULL,NULL),('192.168.1.99','192.168.1.99',39,'2013-08-21','17:06:17',NULL,NULL),('192.168.1.99','192.168.1.99',16,'2013-08-21','17:35:10',NULL,NULL),('192.168.1.99','192.168.1.99',20,'2013-08-21','17:37:12',NULL,NULL),('186.178.128.249','186.178.128.249',22,'2013-08-21','17:38:08',NULL,NULL),('192.168.1.99','192.168.1.99',39,'2013-08-21','17:41:48',NULL,NULL),('192.168.1.99','192.168.1.99',39,'2013-08-21','17:41:57',NULL,NULL),('192.168.1.99','192.168.1.99',20,'2013-08-21','17:44:40',NULL,NULL),('190.111.82.194','190.111.82.194',4,'2013-08-21','17:56:21',NULL,NULL),('190.111.82.194','190.111.82.194',4,'2013-08-21','17:58:43',NULL,NULL),('190.111.85.164','190.111.85.164',24,'2013-08-21','18:26:06',NULL,NULL),('192.168.1.99','192.168.1.99',39,'2013-08-21','18:31:35',NULL,NULL),('192.168.1.99','192.168.1.99',22,'2013-08-21','19:14:36',NULL,NULL),('192.168.1.99','192.168.1.99',40,'2013-08-21','19:28:40',NULL,NULL),('192.168.1.99','192.168.1.99',1,'2013-08-21','19:34:53',NULL,NULL),('192.168.1.99','192.168.1.99',39,'2013-08-21','19:39:14',NULL,NULL),('192.168.1.99','192.168.1.99',39,'2013-08-21','19:39:28',NULL,NULL),('186.178.128.249','186.178.128.249',10,'2013-08-21','19:52:11',NULL,NULL),('186.178.128.249','186.178.128.249',22,'2013-08-21','19:56:57',NULL,NULL),('186.178.128.249','186.178.128.249',22,'2013-08-21','19:57:01',NULL,NULL),('192.168.1.99','192.168.1.99',3,'2013-08-21','20:16:15',NULL,NULL),('192.168.1.99','192.168.1.99',4,'2013-08-21','20:20:38',NULL,NULL),('192.168.1.99','192.168.1.99',4,'2013-08-21','20:29:23',NULL,NULL),('192.168.1.99','192.168.1.99',41,'2013-08-21','20:56:58',NULL,NULL),('192.168.1.99','192.168.1.99',3,'2013-08-21','21:19:26',NULL,NULL),('192.168.1.99','192.168.1.99',39,'2013-08-21','21:22:04',NULL,NULL),('192.168.1.99','192.168.1.99',41,'2013-08-21','21:46:25',NULL,NULL),('192.168.1.99','192.168.1.99',3,'2013-08-21','22:02:42',NULL,NULL),('186.178.139.36','186.178.139.36',16,'2013-08-21','22:56:19',NULL,NULL),('192.168.1.99','192.168.1.99',3,'2013-08-21','23:05:03',NULL,NULL),('192.168.1.99','192.168.1.99',2,'2013-08-21','23:32:21',NULL,NULL),('192.168.1.99','192.168.1.99',1,'2013-08-21','23:39:39',NULL,NULL),('192.168.1.99','192.168.1.99',1,'2013-08-21','23:47:22',NULL,NULL),('192.168.1.99','192.168.1.99',1,'2013-08-21','23:48:24',NULL,NULL),('192.168.1.99','192.168.1.99',2,'2013-08-21','23:49:50',NULL,NULL),('190.152.189.174','190.152.189.174',3,'2013-08-22','00:53:19',NULL,NULL),('190.152.189.174','190.152.189.174',3,'2013-08-22','01:02:51',NULL,NULL),('190.152.189.174','190.152.189.174',3,'2013-08-22','01:06:04',NULL,NULL),('186.46.70.65','186.46.70.65',1,'2013-08-22','03:33:22',NULL,NULL),('192.168.1.99','192.168.1.99',10,'2013-08-22','06:22:34',NULL,NULL),('192.168.1.99','192.168.1.99',31,'2013-08-22','06:34:48',NULL,NULL),('192.168.1.99','192.168.1.99',31,'2013-08-22','06:39:14',NULL,NULL),('192.168.1.99','192.168.1.99',31,'2013-08-22','06:39:16',NULL,NULL),('192.168.1.99','192.168.1.99',31,'2013-08-22','06:47:19',NULL,NULL),('192.168.1.99','192.168.1.99',31,'2013-08-22','06:52:32',NULL,NULL),('192.168.1.99','192.168.1.99',37,'2013-08-22','06:53:06',NULL,NULL),('192.168.1.99','192.168.1.99',37,'2013-08-22','06:53:10',NULL,NULL),('192.168.1.99','192.168.1.99',31,'2013-08-22','07:15:58',NULL,NULL),('192.168.1.99','192.168.1.99',17,'2013-08-22','07:27:52',NULL,NULL),('192.168.1.99','192.168.1.99',17,'2013-08-22','07:27:54',NULL,NULL),('186.178.46.8','186.178.46.8',1,'2013-08-22','08:16:25',NULL,NULL),('192.168.1.99','192.168.1.99',17,'2013-08-22','08:26:39',NULL,NULL),('192.168.1.99','192.168.1.99',10,'2013-08-22','08:43:48',NULL,NULL),('190.111.85.164','190.111.85.164',24,'2013-08-22','08:51:49',NULL,NULL),('192.168.1.99','192.168.1.99',3,'2013-08-22','08:58:33',NULL,NULL),('192.168.1.99','192.168.1.99',16,'2013-08-22','09:16:58',NULL,NULL),('192.168.1.99','192.168.1.99',3,'2013-08-22','09:48:15',NULL,NULL),('192.168.1.99','192.168.1.99',3,'2013-08-22','09:56:17',NULL,NULL),('186.178.139.36','186.178.139.36',2,'2013-08-22','09:56:24',NULL,NULL),('186.178.139.36','186.178.139.36',1,'2013-08-22','09:57:18',NULL,NULL),('12.205.29.196','12.205.29.196',2,'2013-08-22','10:05:00',NULL,NULL),('192.168.1.99','192.168.1.99',1,'2013-08-22','10:20:34',NULL,NULL),('192.168.1.99','192.168.1.99',16,'2013-08-22','10:20:38',NULL,NULL),('192.168.1.99','192.168.1.99',1,'2013-08-22','10:21:26',NULL,NULL),('192.168.1.99','192.168.1.99',1,'2013-08-22','10:31:04',NULL,NULL),('190.111.85.164','190.111.85.164',24,'2013-08-22','10:32:17',NULL,NULL),('192.168.1.99','192.168.1.99',4,'2013-08-22','10:37:38',NULL,NULL),('81.113.237.138','81.113.237.138',42,'2013-08-22','10:39:49',NULL,NULL),('192.168.1.99','192.168.1.99',16,'2013-08-22','10:50:05',NULL,NULL),('192.168.1.99','192.168.1.99',16,'2013-08-22','10:55:32',NULL,NULL),('192.168.1.99','192.168.1.99',16,'2013-08-22','10:58:36',NULL,NULL),('192.168.1.99','192.168.1.99',16,'2013-08-22','11:00:20',NULL,NULL),('192.168.1.99','192.168.1.99',16,'2013-08-22','11:01:26',NULL,NULL),('192.168.1.99','192.168.1.99',16,'2013-08-22','11:26:01',NULL,NULL),('192.168.1.99','192.168.1.99',16,'2013-08-22','11:28:47',NULL,NULL),('192.168.1.99','192.168.1.99',16,'2013-08-22','11:34:15',NULL,NULL),('192.168.1.99','192.168.1.99',16,'2013-08-22','11:34:49',NULL,NULL),('192.168.1.99','192.168.1.99',16,'2013-08-22','11:35:58',NULL,NULL),('192.168.1.99','192.168.1.99',10,'2013-08-22','12:22:08',NULL,NULL),('192.168.1.99','192.168.1.99',10,'2013-08-22','12:22:10',NULL,NULL),('192.168.1.99','192.168.1.99',16,'2013-08-22','12:23:44',NULL,NULL),('192.168.1.99','192.168.1.99',16,'2013-08-22','12:26:22',NULL,NULL),('192.168.1.99','192.168.1.99',16,'2013-08-22','12:27:59',NULL,NULL),('192.168.1.99','192.168.1.99',1,'2013-08-22','13:02:27',NULL,NULL),('192.168.1.99','192.168.1.99',5,'2013-08-22','13:24:53',NULL,NULL),('192.168.1.99','192.168.1.99',10,'2013-08-22','13:38:35',NULL,NULL),('192.168.1.99','192.168.1.99',16,'2013-08-22','13:58:53',NULL,NULL),('192.168.1.99','192.168.1.99',17,'2013-08-22','14:01:04',NULL,NULL),('192.168.1.99','192.168.1.99',7,'2013-08-22','14:01:49',NULL,NULL),('192.168.1.99','192.168.1.99',17,'2013-08-22','14:02:12',NULL,NULL),('192.168.1.99','192.168.1.99',43,'2013-08-22','14:14:07',NULL,NULL),('192.168.1.99','192.168.1.99',43,'2013-08-22','14:20:04',NULL,NULL),('192.168.1.99','192.168.1.99',4,'2013-08-22','14:36:04',NULL,NULL),('190.111.85.164','190.111.85.164',24,'2013-08-22','14:38:16',NULL,NULL),('192.168.1.99','192.168.1.99',5,'2013-08-22','14:56:36',NULL,NULL),('192.168.1.99','192.168.1.99',3,'2013-08-22','15:08:10',NULL,NULL),('192.168.1.99','192.168.1.99',43,'2013-08-22','15:18:21',NULL,NULL),('192.168.1.99','192.168.1.99',44,'2013-08-22','16:05:32',NULL,NULL),('192.168.1.99','192.168.1.99',43,'2013-08-22','16:48:10',NULL,NULL),('192.168.1.99','192.168.1.99',16,'2013-08-22','16:56:43',NULL,NULL),('192.168.1.99','192.168.1.99',2,'2013-08-22','18:10:32',NULL,NULL),('192.168.1.99','192.168.1.99',1,'2013-08-22','18:12:23',NULL,NULL),('192.168.1.99','192.168.1.99',2,'2013-08-22','18:20:03',NULL,NULL),('192.168.1.99','192.168.1.99',7,'2013-08-22','18:32:45',NULL,NULL),('192.168.1.99','192.168.1.99',43,'2013-08-22','18:58:09',NULL,NULL),('190.11.2.158','190.11.2.158',16,'2013-08-22','18:59:59',NULL,NULL),('190.11.2.158','190.11.2.158',1,'2013-08-22','19:12:07',NULL,NULL),('192.168.1.99','192.168.1.99',2,'2013-08-22','19:13:46',NULL,NULL),('192.168.1.99','192.168.1.99',1,'2013-08-22','19:14:44',NULL,NULL),('190.63.1.160','190.63.1.160',3,'2013-08-22','19:28:03',NULL,NULL),('192.168.1.99','192.168.1.99',44,'2013-08-22','19:35:44',NULL,NULL),('192.168.1.99','192.168.1.99',1,'2013-08-22','20:48:17',NULL,NULL),('192.168.1.99','192.168.1.99',2,'2013-08-22','21:00:03',NULL,NULL),('186.178.169.239','186.178.169.239',1,'2013-08-23','00:33:11',NULL,NULL),('192.168.1.99','192.168.1.99',29,'2013-08-23','06:33:57',NULL,NULL),('192.168.1.99','192.168.1.99',8,'2013-08-23','06:38:52',NULL,NULL),('192.168.1.99','192.168.1.99',29,'2013-08-23','06:49:45',NULL,NULL),('192.168.1.99','192.168.1.99',30,'2013-08-23','06:58:59',NULL,NULL),('192.168.1.99','192.168.1.99',29,'2013-08-23','07:01:49',NULL,NULL),('192.168.1.99','192.168.1.99',29,'2013-08-23','07:10:02',NULL,NULL),('192.168.1.99','192.168.1.99',15,'2013-08-23','08:18:14',NULL,NULL),('192.168.1.99','192.168.1.99',8,'2013-08-23','08:25:52',NULL,NULL),('192.168.1.99','192.168.1.99',15,'2013-08-23','08:33:01',NULL,NULL),('190.111.85.164','190.111.85.164',24,'2013-08-23','08:38:10',NULL,NULL),('192.168.1.99','192.168.1.99',17,'2013-08-23','08:49:55',NULL,NULL),('192.168.1.99','192.168.1.99',8,'2013-08-23','08:50:27',NULL,NULL),('192.168.1.99','192.168.1.99',16,'2013-08-23','09:06:45',NULL,NULL),('192.168.1.99','192.168.1.99',17,'2013-08-23','09:11:36',NULL,NULL),('192.168.1.99','192.168.1.99',30,'2013-08-23','09:40:01',NULL,NULL),('192.168.1.99','192.168.1.99',3,'2013-08-23','09:47:43',NULL,NULL),('192.168.1.99','192.168.1.99',27,'2013-08-23','09:50:00',NULL,NULL),('192.168.1.99','192.168.1.99',1,'2013-08-23','10:04:23',NULL,NULL),('192.168.1.99','192.168.1.99',8,'2013-08-23','10:55:49',NULL,NULL),('192.168.1.99','192.168.1.99',2,'2013-08-23','10:58:59',NULL,NULL),('192.168.1.99','192.168.1.99',1,'2013-08-23','11:55:46',NULL,NULL),('192.168.1.99','192.168.1.99',2,'2013-08-23','11:59:26',NULL,NULL),('192.168.1.99','192.168.1.99',40,'2013-08-23','12:06:33',NULL,NULL),('192.168.1.99','192.168.1.99',8,'2013-08-23','12:08:14',NULL,NULL),('192.168.1.99','192.168.1.99',27,'2013-08-23','12:12:04',NULL,NULL),('192.168.1.99','192.168.1.99',29,'2013-08-23','12:22:41',NULL,NULL),('192.168.1.99','192.168.1.99',17,'2013-08-23','13:22:48',NULL,NULL),('192.168.1.99','192.168.1.99',17,'2013-08-23','13:22:48',NULL,NULL),('192.168.1.99','192.168.1.99',17,'2013-08-23','13:22:48',NULL,NULL),('192.168.1.99','192.168.1.99',17,'2013-08-23','13:22:48',NULL,NULL),('192.168.1.99','192.168.1.99',17,'2013-08-23','13:22:48',NULL,NULL),('192.168.1.99','192.168.1.99',27,'2013-08-23','13:25:22',NULL,NULL),('192.168.1.99','192.168.1.99',17,'2013-08-23','13:25:22',NULL,NULL),('192.168.1.99','192.168.1.99',27,'2013-08-23','13:25:22',NULL,NULL),('192.168.1.99','192.168.1.99',17,'2013-08-23','13:25:22',NULL,NULL),('192.168.1.99','192.168.1.99',17,'2013-08-23','13:25:32',NULL,NULL),('192.168.1.99','192.168.1.99',27,'2013-08-23','13:26:42',NULL,NULL),('192.168.1.99','192.168.1.99',17,'2013-08-23','13:28:48',NULL,NULL),('192.168.1.99','192.168.1.99',30,'2013-08-23','13:40:24',NULL,NULL),('192.168.1.99','192.168.1.99',41,'2013-08-23','13:42:51',NULL,NULL),('192.168.1.99','192.168.1.99',38,'2013-08-23','13:56:40',NULL,NULL),('192.168.1.99','192.168.1.99',38,'2013-08-23','13:56:43',NULL,NULL),('192.168.1.99','192.168.1.99',38,'2013-08-23','13:56:44',NULL,NULL),('192.168.1.99','192.168.1.99',38,'2013-08-23','13:56:45',NULL,NULL),('192.168.1.99','192.168.1.99',38,'2013-08-23','13:56:46',NULL,NULL),('192.168.1.99','192.168.1.99',38,'2013-08-23','13:56:46',NULL,NULL),('192.168.1.99','192.168.1.99',29,'2013-08-23','14:03:45',NULL,NULL),('192.168.1.99','192.168.1.99',44,'2013-08-23','14:14:51',NULL,NULL),('192.168.1.99','192.168.1.99',44,'2013-08-23','14:18:51',NULL,NULL),('192.168.1.99','192.168.1.99',38,'2013-08-23','14:19:20',NULL,NULL),('192.168.1.99','192.168.1.99',38,'2013-08-23','14:19:22',NULL,NULL),('192.168.1.99','192.168.1.99',38,'2013-08-23','14:19:25',NULL,NULL),('192.168.1.99','192.168.1.99',38,'2013-08-23','14:19:25',NULL,NULL),('192.168.1.99','192.168.1.99',39,'2013-08-23','14:19:25',NULL,NULL),('192.168.1.99','192.168.1.99',44,'2013-08-23','14:37:39',NULL,NULL),('192.168.1.99','192.168.1.99',44,'2013-08-23','14:37:40',NULL,NULL),('192.168.1.99','192.168.1.99',41,'2013-08-23','14:42:44',NULL,NULL),('192.168.1.99','192.168.1.99',2,'2013-08-23','14:45:10',NULL,NULL),('192.168.1.99','192.168.1.99',38,'2013-08-23','14:48:16',NULL,NULL),('192.168.1.99','192.168.1.99',1,'2013-08-23','15:01:45',NULL,NULL),('192.168.1.99','192.168.1.99',44,'2013-08-23','15:22:36',NULL,NULL),('192.168.1.99','192.168.1.99',4,'2013-08-23','15:23:31',NULL,NULL),('192.168.1.99','192.168.1.99',45,'2013-08-23','15:28:33',NULL,NULL),('192.168.1.99','192.168.1.99',39,'2013-08-23','15:30:22',NULL,NULL),('192.168.1.99','192.168.1.99',1,'2013-08-23','15:32:08',NULL,NULL),('192.168.1.99','192.168.1.99',4,'2013-08-23','15:56:33',NULL,NULL),('190.11.7.169','190.11.7.169',2,'2013-08-23','16:03:21',NULL,NULL),('186.178.132.182','186.178.132.182',2,'2013-08-23','16:10:27',NULL,NULL),('192.168.1.99','192.168.1.99',27,'2013-08-23','16:12:23',NULL,NULL),('192.168.1.99','192.168.1.99',41,'2013-08-23','16:19:33',NULL,NULL),('200.225.198.121','200.225.198.121',2,'2013-08-23','16:25:50',NULL,NULL),('192.168.1.99','192.168.1.99',38,'2013-08-23','16:26:22',NULL,NULL),('192.168.1.99','192.168.1.99',38,'2013-08-23','16:26:27',NULL,NULL),('192.168.1.99','192.168.1.99',38,'2013-08-23','16:26:28',NULL,NULL),('192.168.1.99','192.168.1.99',41,'2013-08-23','17:12:46',NULL,NULL),('192.168.1.99','192.168.1.99',41,'2013-08-23','17:21:24',NULL,NULL),('192.168.1.99','192.168.1.99',41,'2013-08-23','17:28:59',NULL,NULL),('192.168.1.99','192.168.1.99',41,'2013-08-23','17:29:00',NULL,NULL),('192.168.1.99','192.168.1.99',27,'2013-08-23','17:38:07',NULL,NULL),('192.168.1.99','192.168.1.99',41,'2013-08-23','17:40:34',NULL,NULL),('192.168.1.99','192.168.1.99',39,'2013-08-23','17:45:37',NULL,NULL),('192.168.1.99','192.168.1.99',44,'2013-08-23','17:52:04',NULL,NULL),('192.168.1.99','192.168.1.99',44,'2013-08-23','17:57:22',NULL,NULL),('192.168.1.99','192.168.1.99',4,'2013-08-23','18:29:26',NULL,NULL),('192.168.1.99','192.168.1.99',44,'2013-08-23','18:42:59',NULL,NULL),('192.168.1.99','192.168.1.99',38,'2013-08-23','19:18:36',NULL,NULL),('192.168.1.99','192.168.1.99',27,'2013-08-23','19:49:13',NULL,NULL),('192.168.1.99','192.168.1.99',41,'2013-08-23','19:50:35',NULL,NULL),('192.168.1.99','192.168.1.99',38,'2013-08-23','20:10:43',NULL,NULL),('192.168.1.99','192.168.1.99',44,'2013-08-23','20:26:13',NULL,NULL),('192.168.1.99','192.168.1.99',39,'2013-08-23','21:45:51',NULL,NULL),('192.168.1.99','192.168.1.99',39,'2013-08-23','21:47:56',NULL,NULL),('192.168.1.99','192.168.1.99',44,'2013-08-23','21:52:29',NULL,NULL),('190.214.123.181','190.214.123.181',1,'2013-08-23','22:30:36',NULL,NULL),('181.198.9.194','181.198.9.194',1,'2013-08-23','23:50:01',NULL,NULL),('192.168.1.99','192.168.1.99',27,'2013-08-24','06:12:16',NULL,NULL),('192.168.1.99','192.168.1.99',33,'2013-08-24','06:24:06',NULL,NULL),('192.168.1.99','192.168.1.99',29,'2013-08-24','06:37:57',NULL,NULL),('192.168.1.99','192.168.1.99',8,'2013-08-24','06:42:23',NULL,NULL),('192.168.1.99','192.168.1.99',43,'2013-08-24','06:46:11',NULL,NULL),('192.168.1.99','192.168.1.99',8,'2013-08-24','07:39:57',NULL,NULL),('192.168.1.99','192.168.1.99',33,'2013-08-24','07:50:40',NULL,NULL),('192.168.1.99','192.168.1.99',33,'2013-08-24','08:18:07',NULL,NULL),('192.168.1.99','192.168.1.99',43,'2013-08-24','08:23:34',NULL,NULL),('192.168.1.99','192.168.1.99',33,'2013-08-24','08:26:22',NULL,NULL),('192.168.1.99','192.168.1.99',3,'2013-08-24','08:41:28',NULL,NULL),('192.168.1.99','192.168.1.99',8,'2013-08-24','10:54:27',NULL,NULL),('192.168.1.99','192.168.1.99',8,'2013-08-24','11:11:39',NULL,NULL),('186.178.156.125','186.178.156.125',8,'2013-08-24','11:22:34',NULL,NULL),('186.178.156.125','186.178.156.125',8,'2013-08-24','11:22:37',NULL,NULL),('192.168.1.99','192.168.1.99',3,'2013-08-24','11:41:36',NULL,NULL),('192.168.1.99','192.168.1.99',22,'2013-08-24','12:37:22',NULL,NULL),('192.168.1.99','192.168.1.99',27,'2013-08-24','13:03:57',NULL,NULL),('192.168.1.99','192.168.1.99',27,'2013-08-24','13:04:01',NULL,NULL),('192.168.1.99','192.168.1.99',31,'2013-08-24','13:28:14',NULL,NULL),('192.168.1.99','192.168.1.99',22,'2013-08-24','13:42:43',NULL,NULL),('192.168.1.99','192.168.1.99',43,'2013-08-24','14:04:01',NULL,NULL),('192.168.1.99','192.168.1.99',25,'2013-08-24','14:26:06',NULL,NULL),('192.168.1.99','192.168.1.99',22,'2013-08-24','15:23:54',NULL,NULL),('192.168.1.99','192.168.1.99',22,'2013-08-24','15:23:54',NULL,NULL),('192.168.1.99','192.168.1.99',22,'2013-08-24','15:23:54',NULL,NULL),('192.168.1.99','192.168.1.99',22,'2013-08-24','15:23:58',NULL,NULL),('192.168.1.99','192.168.1.99',27,'2013-08-24','15:47:40',NULL,NULL),('192.168.1.99','192.168.1.99',27,'2013-08-24','15:53:38',NULL,NULL),('192.168.1.99','192.168.1.99',43,'2013-08-24','16:11:21',NULL,NULL),('192.168.1.99','192.168.1.99',22,'2013-08-24','16:45:40',NULL,NULL),('192.168.1.99','192.168.1.99',25,'2013-08-24','16:55:46',NULL,NULL),('190.11.4.218','190.11.4.218',16,'2013-08-24','17:34:42',NULL,NULL),('192.168.1.99','192.168.1.99',25,'2013-08-24','17:46:33',NULL,NULL),('192.168.1.99','192.168.1.99',33,'2013-08-25','06:25:23',NULL,NULL),('192.168.1.99','192.168.1.99',6,'2013-08-25','06:42:10',NULL,NULL),('192.168.1.99','192.168.1.99',10,'2013-08-25','06:49:32',NULL,NULL),('192.168.1.99','192.168.1.99',10,'2013-08-25','06:49:32',NULL,NULL),('192.168.1.99','192.168.1.99',15,'2013-08-25','07:35:10',NULL,NULL),('192.168.1.99','192.168.1.99',33,'2013-08-25','08:09:23',NULL,NULL),('192.168.1.99','192.168.1.99',33,'2013-08-25','08:39:07',NULL,NULL),('192.168.1.99','192.168.1.99',15,'2013-08-25','11:01:45',NULL,NULL),('192.168.1.99','192.168.1.99',33,'2013-08-25','11:14:04',NULL,NULL),('192.168.1.99','192.168.1.99',41,'2013-08-25','12:40:24',NULL,NULL),('192.168.1.99','192.168.1.99',22,'2013-08-25','12:58:27',NULL,NULL),('192.168.1.99','192.168.1.99',29,'2013-08-25','13:28:05',NULL,NULL),('190.152.236.67','190.152.236.67',3,'2013-08-25','14:58:11',NULL,NULL),('186.178.38.205','186.178.38.205',1,'2013-08-25','15:29:31',NULL,NULL),('200.110.76.217','200.110.76.217',16,'2013-08-25','17:42:45',NULL,NULL),('200.110.76.217','200.110.76.217',16,'2013-08-25','17:43:37',NULL,NULL),('192.168.1.99','192.168.1.99',41,'2013-08-25','18:46:08',NULL,NULL),('192.168.1.99','192.168.1.99',20,'2013-08-26','05:58:19',NULL,NULL),('192.168.1.99','192.168.1.99',27,'2013-08-26','05:59:17',NULL,NULL),('192.168.1.99','192.168.1.99',10,'2013-08-26','06:23:18',NULL,NULL),('192.168.1.99','192.168.1.99',30,'2013-08-26','06:25:12',NULL,NULL),('192.168.1.99','192.168.1.99',39,'2013-08-26','07:58:43',NULL,NULL),('192.168.1.99','192.168.1.99',4,'2013-08-26','08:48:28',NULL,NULL),('192.168.1.205','SOPORTE-PC',16,'2013-08-26','09:14:52',NULL,NULL),('190.111.85.164','190.111.85.164',24,'2013-08-26','09:34:30',NULL,NULL),('192.168.1.99','192.168.1.99',16,'2013-08-26','09:51:46',NULL,NULL),('186.178.38.205','186.178.38.205',1,'2013-08-26','10:06:38',NULL,NULL),('192.168.1.99','192.168.1.99',30,'2013-08-26','10:10:20',NULL,NULL),('192.168.1.99','192.168.1.99',10,'2013-08-26','10:35:02',NULL,NULL),('192.168.1.99','192.168.1.99',1,'2013-08-26','10:48:40',NULL,NULL),('192.168.1.99','192.168.1.99',10,'2013-08-26','10:50:06',NULL,NULL),('192.168.1.99','192.168.1.99',16,'2013-08-26','11:00:26',NULL,NULL),('192.168.1.99','192.168.1.99',10,'2013-08-26','11:24:25',NULL,NULL),('192.168.1.99','192.168.1.99',10,'2013-08-26','11:24:29',NULL,NULL),('192.168.1.99','192.168.1.99',20,'2013-08-26','11:24:42',NULL,NULL),('192.168.1.99','192.168.1.99',20,'2013-08-26','11:27:18',NULL,NULL),('192.168.1.99','192.168.1.99',20,'2013-08-26','11:28:30',NULL,NULL),('192.168.1.99','192.168.1.99',20,'2013-08-26','11:31:05',NULL,NULL),('192.168.1.99','192.168.1.99',3,'2013-08-26','11:58:26',NULL,NULL),('192.168.1.99','192.168.1.99',1,'2013-08-26','12:04:30',-79.2029315,-4.0117657),('192.168.1.99','192.168.1.99',20,'2013-08-26','12:17:06',NULL,NULL),('192.168.1.99','192.168.1.99',20,'2013-08-26','12:18:35',NULL,NULL),('192.168.1.99','192.168.1.99',20,'2013-08-26','12:20:28',NULL,NULL),('192.168.1.99','192.168.1.99',20,'2013-08-26','12:28:37',NULL,NULL),('192.168.1.99','192.168.1.99',20,'2013-08-26','12:41:03',NULL,NULL),('192.168.1.99','192.168.1.99',3,'2013-08-26','13:15:11',NULL,NULL),('192.168.1.99','192.168.1.99',28,'2013-08-26','13:21:24',NULL,NULL),('192.168.1.99','192.168.1.99',16,'2013-08-26','13:23:36',-79.2028824,-4.0118124),('192.168.1.99','192.168.1.99',1,'2013-08-26','13:28:12',-79.2029315,-4.0117657),('192.168.1.99','192.168.1.99',1,'2013-08-26','13:39:21',-79.20297649999999,-4.0117240999999995),('192.168.1.99','192.168.1.99',1,'2013-08-26','13:40:48',-79.2030024,-4.0116984),('192.168.1.99','192.168.1.99',1,'2013-08-26','13:42:22',-79.20297649999999,-4.0117240999999995),('192.168.1.99','192.168.1.99',1,'2013-08-26','13:51:38',-79.2029315,-4.0117657),('192.168.1.99','192.168.1.99',1,'2013-08-26','13:54:20',-79.2029315,-4.0117657),('192.168.1.99','192.168.1.99',7,'2013-08-26','13:59:18',NULL,NULL),('192.168.1.99','192.168.1.99',7,'2013-08-26','13:59:19',NULL,NULL),('192.168.1.99','192.168.1.99',22,'2013-08-26','14:06:37',NULL,NULL),('192.168.1.99','192.168.1.99',1,'2013-08-26','14:13:44',-79.2029503,-4.0117487999999994),('192.168.1.99','192.168.1.99',46,'2013-08-26','14:56:02',NULL,NULL),('192.168.1.99','192.168.1.99',28,'2013-08-26','15:31:38',NULL,NULL),('192.168.1.99','192.168.1.99',43,'2013-08-26','15:33:00',NULL,NULL),('192.168.1.99','192.168.1.99',43,'2013-08-26','15:39:13',NULL,NULL),('190.111.85.164','190.111.85.164',24,'2013-08-26','15:42:00',NULL,NULL),('192.168.1.99','192.168.1.99',10,'2013-08-26','15:54:53',NULL,NULL),('192.168.1.99','192.168.1.99',22,'2013-08-26','15:55:42',NULL,NULL),('192.168.1.99','192.168.1.99',43,'2013-08-26','16:19:38',NULL,NULL),('192.168.1.99','192.168.1.99',7,'2013-08-26','17:02:55',NULL,NULL),('192.168.1.99','192.168.1.99',22,'2013-08-26','17:05:01',NULL,NULL),('192.168.1.99','192.168.1.99',46,'2013-08-26','17:27:02',NULL,NULL),('190.111.85.164','190.111.85.164',24,'2013-08-26','17:33:10',NULL,NULL),('190.111.85.164','190.111.85.164',24,'2013-08-26','17:49:11',NULL,NULL),('192.168.1.99','192.168.1.99',16,'2013-08-26','17:58:34',NULL,NULL),('192.168.1.99','192.168.1.99',1,'2013-08-26','18:01:09',0,0),('192.168.1.99','192.168.1.99',1,'2013-08-26','18:02:45',0,0),('192.168.1.99','192.168.1.99',1,'2013-08-26','18:03:43',-79.2029252,-4.0117689),('192.168.1.99','192.168.1.99',1,'2013-08-26','18:04:37',0,0),('192.168.1.99','192.168.1.99',1,'2013-08-26','18:05:59',-79.20292289999999,-4.011773),('192.168.1.99','192.168.1.99',1,'2013-08-26','18:08:23',-79.20291929999999,-4.0117768),('192.168.1.99','192.168.1.99',1,'2013-08-26','18:09:54',NULL,NULL),('192.168.1.99','192.168.1.99',1,'2013-08-26','18:11:11',-79.2029333,-4.0117614),('192.168.1.99','192.168.1.99',1,'2013-08-26','18:12:40',-79.2029487,-4.0117464),('192.168.1.99','192.168.1.99',1,'2013-08-26','18:14:19',-79.20296479999999,-4.0117256999999995),('192.168.1.99','192.168.1.99',1,'2013-08-26','18:15:33',-79.203159,-4.0115165),('192.168.1.99','192.168.1.99',1,'2013-08-26','18:16:28',-79.20296479999999,-4.0117256999999995),('192.168.1.99','192.168.1.99',1,'2013-08-26','18:18:08',-79.203159,-4.0115165),('192.168.1.99','192.168.1.99',7,'2013-08-26','18:18:27',NULL,NULL),('192.168.1.99','192.168.1.99',1,'2013-08-26','18:20:21',-79.20291929999999,-4.0117745),('192.168.1.99','192.168.1.99',1,'2013-08-26','18:23:23',-79.202921,-4.0117717),('192.168.1.99','192.168.1.99',1,'2013-08-26','18:24:44',-79.2030678,-4.0116173999999996),('192.168.1.99','192.168.1.99',1,'2013-08-26','18:26:32',-79.202921,-4.0117717),('192.168.1.99','192.168.1.99',43,'2013-08-26','18:47:18',NULL,NULL),('192.168.1.99','192.168.1.99',43,'2013-08-26','18:47:20',NULL,NULL),('192.168.1.99','192.168.1.99',46,'2013-08-26','18:47:30',NULL,NULL),('192.168.1.99','192.168.1.99',28,'2013-08-26','18:48:02',NULL,NULL),('192.168.1.99','192.168.1.99',1,'2013-08-26','18:48:23',NULL,NULL),('192.168.1.99','192.168.1.99',7,'2013-08-26','18:48:49',NULL,NULL),('192.168.1.99','192.168.1.99',1,'2013-08-26','18:50:04',-79.20446,-3.990138),('192.168.1.99','192.168.1.99',10,'2013-08-26','18:53:07',NULL,NULL),('192.168.1.99','192.168.1.99',22,'2013-08-26','18:54:07',NULL,NULL),('192.168.1.99','192.168.1.99',1,'2013-08-26','18:54:13',-79.20446,-3.990138),('192.168.1.99','192.168.1.99',2,'2013-08-26','18:54:37',-79.20446,-3.990138),('192.168.1.99','192.168.1.99',1,'2013-08-26','19:03:56',-79.20446,-3.990138),('192.168.1.99','192.168.1.99',3,'2013-08-26','19:06:42',NULL,NULL),('192.168.1.99','192.168.1.99',43,'2013-08-26','19:07:46',NULL,NULL),('192.168.1.99','192.168.1.99',43,'2013-08-26','20:06:54',0,0),('192.168.1.99','192.168.1.99',1,'2013-08-26','20:09:40',-79.20446,-3.990138),('192.168.1.99','192.168.1.99',40,'2013-08-26','20:10:23',-79.20446,-3.990138),('192.168.1.99','192.168.1.99',7,'2013-08-26','20:55:25',0,0),('192.168.1.99','192.168.1.99',46,'2013-08-26','20:57:01',-79.23491279999999,-4.0001434),('192.168.1.99','192.168.1.99',3,'2013-08-26','21:30:31',-79.20311869999999,-4.0115436),('192.168.1.99','192.168.1.99',27,'2013-08-27','06:03:23',-79.2349102,-4.000134),('192.168.1.99','192.168.1.99',33,'2013-08-27','06:16:34',0,0),('192.168.1.99','192.168.1.99',17,'2013-08-27','07:23:14',0,0),('192.168.1.99','192.168.1.99',4,'2013-08-27','08:52:42',-79.2034817,-4.0112387),('192.168.1.99','192.168.1.99',16,'2013-08-27','08:54:41',0,0),('192.168.1.99','192.168.1.99',20,'2013-08-27','09:15:32',-79.2018975,-4.007085),('192.168.1.99','192.168.1.99',10,'2013-08-27','09:18:08',0,0),('192.168.1.99','192.168.1.99',10,'2013-08-27','09:34:13',-79.2019086,-4.0070825),('192.168.1.99','192.168.1.99',2,'2013-08-27','09:39:40',-79.2032053,-4.0115668),('192.168.1.99','192.168.1.99',1,'2013-08-27','09:40:27',-79.20366159999999,-4.0112013),('192.168.1.99','192.168.1.99',2,'2013-08-27','09:40:42',-79.20366159999999,-4.0112013),('192.168.1.99','192.168.1.99',33,'2013-08-27','09:54:20',-79.20446,-3.990138),('192.168.1.99','192.168.1.99',10,'2013-08-27','09:56:59',-79.20446,-3.990138),('192.168.1.99','192.168.1.99',20,'2013-08-27','10:12:41',-79.20446,-3.990138),('192.168.1.99','192.168.1.99',1,'2013-08-27','10:30:28',-79.2028942,-4.0117597),('192.168.1.99','192.168.1.99',16,'2013-08-27','11:41:00',0,0),('192.168.1.99','192.168.1.99',1,'2013-08-27','12:03:04',0,0),('192.168.1.99','192.168.1.99',16,'2013-08-27','12:10:51',0,0),('192.168.1.99','192.168.1.99',16,'2013-08-27','12:14:00',0,0),('192.168.1.99','192.168.1.99',17,'2013-08-27','12:25:25',0,0),('192.168.1.99','192.168.1.99',3,'2013-08-27','13:00:38',-79.2034817,-4.0112387),('192.168.1.99','192.168.1.99',6,'2013-08-27','13:17:03',-79.20446,-3.990138),('192.168.1.99','192.168.1.99',6,'2013-08-27','13:17:03',-79.20446,-3.990138),('192.168.1.99','192.168.1.99',46,'2013-08-27','13:25:51',-79.2349114,-4.000138100000001),('192.168.1.99','192.168.1.99',22,'2013-08-27','13:48:13',-79.20446,-3.990138),('192.168.1.99','192.168.1.99',31,'2013-08-27','13:56:45',-79.20446,-3.990138),('192.168.1.99','192.168.1.99',3,'2013-08-27','15:05:25',-79.2032902,-4.011411),('192.168.1.99','192.168.1.99',22,'2013-08-27','15:32:53',-79.2018956,-4.0070849),('192.168.1.99','192.168.1.99',16,'2013-08-27','15:55:54',0,0),('192.168.1.99','192.168.1.99',16,'2013-08-27','15:56:04',0,0);
/*!40000 ALTER TABLE `accesos_historico` ENABLE KEYS */;
UNLOCK TABLES;
/*!50003 SET @saved_cs_client      = @@character_set_client */ ;
/*!50003 SET @saved_cs_results     = @@character_set_results */ ;
/*!50003 SET @saved_col_connection = @@collation_connection */ ;
/*!50003 SET character_set_client  = utf8 */ ;
/*!50003 SET character_set_results = utf8 */ ;
/*!50003 SET collation_connection  = utf8_general_ci */ ;
/*!50003 SET @saved_sql_mode       = @@sql_mode */ ;
/*!50003 SET sql_mode              = '' */ ;
DELIMITER ;;
/*!50003 CREATE*/ /*!50017 DEFINER=`root`@`%`*/ /*!50003 TRIGGER `ACCESOS` BEFORE INSERT ON `accesos_historico` FOR EACH ROW
-- Edit trigger body code below this line. Do not edit lines above this one
BEGIN
	
	DECLARE EXISTE INT;

	SELECT COUNT(*) INTO EXISTE FROM ACCESOS WHERE ID_USUARIO = NEW.ID_USUARIO;

	IF (EXISTE = 1) THEN
		UPDATE ACCESOS
		SET FECHA = DATE(NOW()),
			HORA = TIME(NOW()),
			IP = NEW.IP,
			CONECT = 1,
			LONGITUD = NEW.LONGITUD,
			LATITUD = NEW.LATITUD
		WHERE ID_USUARIO = NEW.ID_USUARIO;
	ELSE
		INSERT INTO ACCESOS (ID_USUARIO, IP, HOST, FECHA, HORA, CONECT, LONGITUD, LATITUD)
		VALUES (NEW.ID_USUARIO, NEW.IP, NEW.HOST , DATE(NOW()), TIME(NOW()), 1, NEW.LONGITUD, NEW.LATITUD);
	END IF;
END */;;
DELIMITER ;
/*!50003 SET sql_mode              = @saved_sql_mode */ ;
/*!50003 SET character_set_client  = @saved_cs_client */ ;
/*!50003 SET character_set_results = @saved_cs_results */ ;
/*!50003 SET collation_connection  = @saved_col_connection */ ;

--
-- Table structure for table `barrio`
--

DROP TABLE IF EXISTS `barrio`;
/*!40101 SET @saved_cs_client     = @@character_set_client */;
/*!40101 SET character_set_client = utf8 */;
CREATE TABLE `barrio` (
  `id_barrio` int(11) NOT NULL AUTO_INCREMENT,
  `id_ciudad` int(11) DEFAULT NULL,
  `barrio` varchar(45) DEFAULT NULL,
  PRIMARY KEY (`id_barrio`)
) ENGINE=InnoDB AUTO_INCREMENT=15 DEFAULT CHARSET=utf8;
/*!40101 SET character_set_client = @saved_cs_client */;

--
-- Dumping data for table `barrio`
--

LOCK TABLES `barrio` WRITE;
/*!40000 ALTER TABLE `barrio` DISABLE KEYS */;
INSERT INTO `barrio` VALUES (1,1,'ISAC ORDOÑEZ'),(2,1,'LAS PITAS'),(3,1,'DESCONOCIDO'),(4,1,'LA TEBAIDA'),(5,1,'18 DE NOVIEMBRE'),(6,1,'LA PRADERA/YAGUARCUNA'),(7,1,'SAN ISIDRO'),(8,1,'PUNZARA'),(9,1,'LA ARGELIA'),(10,1,'DANIEL ALVAREZ'),(11,1,'REINALDO ESPINOSA'),(12,1,'ISIDRO AYORA'),(13,1,'COLINAS LOJANAS'),(14,1,'REINALDO ESPINOSA');
/*!40000 ALTER TABLE `barrio` ENABLE KEYS */;
UNLOCK TABLES;

--
-- Table structure for table `ciudad`
--

DROP TABLE IF EXISTS `ciudad`;
/*!40101 SET @saved_cs_client     = @@character_set_client */;
/*!40101 SET character_set_client = utf8 */;
CREATE TABLE `ciudad` (
  `id_ciudad` int(11) NOT NULL AUTO_INCREMENT,
  `id_pais` varchar(10) DEFAULT NULL,
  `ciudad` varchar(45) DEFAULT NULL,
  PRIMARY KEY (`id_ciudad`)
) ENGINE=InnoDB AUTO_INCREMENT=8 DEFAULT CHARSET=utf8;
/*!40101 SET character_set_client = @saved_cs_client */;

--
-- Dumping data for table `ciudad`
--

LOCK TABLES `ciudad` WRITE;
/*!40000 ALTER TABLE `ciudad` DISABLE KEYS */;
INSERT INTO `ciudad` VALUES (1,'EC','LOJA'),(2,'EC','QUITO'),(3,'EC','CUENCA'),(4,'EC','AMBATO'),(5,'EC','SANTO DOMINGO'),(6,'EC','MACHALA'),(7,'EC','ESMERALDAS');
/*!40000 ALTER TABLE `ciudad` ENABLE KEYS */;
UNLOCK TABLES;

--
-- Table structure for table `empleos`
--

DROP TABLE IF EXISTS `empleos`;
/*!40101 SET @saved_cs_client     = @@character_set_client */;
/*!40101 SET character_set_client = utf8 */;
CREATE TABLE `empleos` (
  `id_empleo` int(11) NOT NULL,
  `empleo` varchar(45) DEFAULT NULL,
  `descripcion` varchar(150) DEFAULT NULL,
  PRIMARY KEY (`id_empleo`)
) ENGINE=MyISAM DEFAULT CHARSET=latin1;
/*!40101 SET character_set_client = @saved_cs_client */;

--
-- Dumping data for table `empleos`
--

LOCK TABLES `empleos` WRITE;
/*!40000 ALTER TABLE `empleos` DISABLE KEYS */;
INSERT INTO `empleos` VALUES (1,'Gerente',NULL),(2,'Secretaria',NULL),(3,'Conductor',NULL),(4,'Persona Natural',NULL);
/*!40000 ALTER TABLE `empleos` ENABLE KEYS */;
UNLOCK TABLES;

--
-- Table structure for table `interseccion`
--

DROP TABLE IF EXISTS `interseccion`;
/*!40101 SET @saved_cs_client     = @@character_set_client */;
/*!40101 SET character_set_client = utf8 */;
CREATE TABLE `interseccion` (
  `id_interseccion` int(11) NOT NULL AUTO_INCREMENT,
  `id_barrio` int(11) DEFAULT NULL,
  `avenidaP` varchar(45) DEFAULT NULL,
  `avenidaS` varchar(45) DEFAULT NULL,
  `latitud` double DEFAULT NULL,
  `longitud` double DEFAULT NULL,
  PRIMARY KEY (`id_interseccion`)
) ENGINE=InnoDB AUTO_INCREMENT=38 DEFAULT CHARSET=utf8;
/*!40101 SET character_set_client = @saved_cs_client */;

--
-- Dumping data for table `interseccion`
--

LOCK TABLES `interseccion` WRITE;
/*!40000 ALTER TABLE `interseccion` DISABLE KEYS */;
INSERT INTO `interseccion` VALUES (1,1,'JUAN DE SALINAS Y LOYOLA','18 DE NOVIEMBRE',-3.99163256245337,-79.2044582138953),(2,1,'JUAN DE SALINAS Y LOYOLA','ANTONIO JOSE DE SUCRE',-3.99156570545182,-79.2035981691167),(3,2,'BAHIA BLANCA','LA CONCORDIA',-3.97211169935527,-79.2124051193807),(4,2,'EL COMERCIO','EL EXPRESO',-3.97003136743255,-79.212975171833),(5,2,'EL COMERCIO','EL DIARIO',-3.97018640464553,-79.2133558794396),(6,2,'EL COMERCIO','LA OPINION DEL SUR',-3.97034695096692,-79.2137367531195),(7,2,'EL COMERCIO','EL TELEGRAFO',-3.97047003645887,-79.2140961691276),(8,2,'EL COMERCIO','LA FEDERACION',-3.9706305827251,-79.2144824072257),(9,2,'EL COMERCIO','LA RAZON',-3.97079648050071,-79.2148632809056),(10,2,'EL COMERCIO','EL NACIONAL',-3.96986531190899,-79.2125887676615),(11,2,'EL COMERCIO','EL CLARIN',-3.96961378917818,-79.2121810718907),(12,2,'EL COMERCIO','ULTIMAS NOTICIAS',-3.96936761792071,-79.2119182154071),(13,2,'EL COMERCIO','LA GACETA',-3.96919636830694,-79.2116982742681),(14,2,'EL COMERCIO','EL ESPECTADOR',-3.96893414226704,-79.2115105196372),(15,2,'BAHIA BLANCA','LA CONCORDIA',-3.97211783719153,-79.212416608067),(16,2,'PERGAMINO','NECOECHEA',-3.97154522306409,-79.2116226741989),(17,2,'BAHIA BLANCA','CORRIENTES',-3.97229034528493,-79.213378096963),(18,1,'IMBABURA','SIMON BOLIVAR',-3.99421811124033,-79.2022828128042),(19,2,'EDUARDO MORA MORENO','EL NACIONAL',-3.96876840171162,-79.2130073583394),(20,2,'EDUARDO MORA MORENO','EL CLARIN',-3.9687309408345,-79.2125084674631),(21,2,'EDUARDO MORA MORENO','ULTIMAS NOTICIAS',-3.96869883150988,-79.2122241533077),(22,2,'EDUARDO MORA MORENO','EL TELEGRAFO',-3.96896105762442,-79.214697150019),(23,2,'EDUARDO MORA MORENO','EL TELEGRAFO',-3.96893965141413,-79.2147025144372),(24,2,'EDUARDO MORA MORENO','LA FEDERACION',-3.96902527625203,-79.2150941169535),(25,2,'EDUARDO MORA MORENO','LA RAZÓN',-3.97004207052374,-79.2151477611335),(26,2,'EDUARDO MORA MORENO','VOLANTE',-3.96943199411097,-79.215764669207),(27,2,'EDUARDO MORA MORENO','EL TIEMPO',-3.97068960727563,-79.216258195666),(28,2,'EDUARDO MORA MORENO','LA VERDAD',-3.97146022886384,-79.2165371454032),(29,2,'EL UNIVERSO','EL EXPRESO',-3.96931961156474,-79.2132326638966),(30,2,'EL UNIVERSO','EL DIARIO',-3.9694641034071,-79.2136349952492),(31,2,'EL UNIVERSO','LA OPINION DEL SUR',-3.96960324367586,-79.2140051400937),(32,2,'EL UNIVERSO','EL TELEGRAFO',-3.96975843856336,-79.2143699205191),(33,2,'EL UNIVERSO','LA FEDERACION',-3.96989757878253,-79.2147615230354),(34,2,'EL UNIVERSO','LA RAZON',-3.97004207052374,-79.2151477611335),(35,2,'EL UNIVERSO','VOLANTE',-3.97018656223966,-79.2155125415597),(36,2,'EL UNIVERSO','LA NACION',-3.97035246010459,-79.2159202373297),(37,2,'VILLA MARIA','TANJAS',-3.9748084739654814,-79.21155716140643);
/*!40000 ALTER TABLE `interseccion` ENABLE KEYS */;
UNLOCK TABLES;

--
-- Table structure for table `pais`
--

DROP TABLE IF EXISTS `pais`;
/*!40101 SET @saved_cs_client     = @@character_set_client */;
/*!40101 SET character_set_client = utf8 */;
CREATE TABLE `pais` (
  `id_pais` varchar(10) NOT NULL,
  `pais` varchar(45) DEFAULT NULL,
  PRIMARY KEY (`id_pais`)
) ENGINE=InnoDB DEFAULT CHARSET=utf8;
/*!40101 SET character_set_client = @saved_cs_client */;

--
-- Dumping data for table `pais`
--

LOCK TABLES `pais` WRITE;
/*!40000 ALTER TABLE `pais` DISABLE KEYS */;
INSERT INTO `pais` VALUES ('ARG','ARGENTINA'),('CO','COLOMBIA'),('EC','ECUADOR');
/*!40000 ALTER TABLE `pais` ENABLE KEYS */;
UNLOCK TABLES;

--
-- Table structure for table `parking`
--

DROP TABLE IF EXISTS `parking`;
/*!40101 SET @saved_cs_client     = @@character_set_client */;
/*!40101 SET character_set_client = utf8 */;
CREATE TABLE `parking` (
  `id_parking` int(5) unsigned NOT NULL,
  `parking` varchar(150) CHARACTER SET latin1 NOT NULL,
  `plazas` int(11) NOT NULL,
  `valor` double NOT NULL,
  `latitud` double NOT NULL,
  `longitud` double NOT NULL,
  PRIMARY KEY (`id_parking`)
) ENGINE=InnoDB DEFAULT CHARSET=ucs2;
/*!40101 SET character_set_client = @saved_cs_client */;

--
-- Dumping data for table `parking`
--

LOCK TABLES `parking` WRITE;
/*!40000 ALTER TABLE `parking` DISABLE KEYS */;
INSERT INTO `parking` VALUES (1,'Bernardo ; Colon',20,0.4,-3.9949646826415,-79.200601627079),(2,'Olmedo; Colon',20,0.4,-3.9955380622328,-79.200409232823),(3,'Olmedo; Eguiguren',20,0.4,-3.9959418749041,-79.200719127465),(4,'Olmedo; Rocafuerte',20,0.4,-3.9981505763116,-79.200155343056),(5,'Bernardo; Miguel Riofrio',20,0.4,-3.9984570798862,-79.200948054695),(6,'Bernardo; Miguel Riofrio',20,0.4,-3.9987464196635,-79.200929380798),(7,'Bolivar; Quito',20,0.4,-3.9939345858975,-79.202158534242),(8,'Bolivar; Quito',20,0.4,-3.993678424163,-79.202398915104),(9,'Bolivar; Imbabura',20,0.4,-3.9946419963387,-79.202312563898),(10,'Bolivar; Colon',20,0.4,-3.9956910543853,-79.201916591835),(11,'Bolivar; Miguel Riofrio',20,0.4,-3.999498806405,-79.201721096421),(12,'Bolivar; Miguel Riofrio',20,0.4,-3.9999353467014,-79.201670328332),(13,'Bolivar; Mercadillo',20,0.4,-4.0019453210846,-79.201796442714),(14,'18 de Noviembre; Imbabura',20,0.4,-3.9948610741807,-79.204080334229),(15,'J.Antonio Eguiguren; 18 de Noviembre',20,0.4,-3.9962536719268,-79.203786740823),(16,'Rocafuerte; 18 de Noviembre',20,0.4,-3.9984262643304,-79.204384723855),(17,'Olmedo; Rocafuerte',20,0.4,-3.9981854530564,-79.199910799219),(18,'10 de Agosto; 18 de Noviembre',20,0.4,-3.9974255592401,-79.204551020814),(19,'Azuay; Sucre',20,0.4,-4.0003955627582,-79.202533999635),(20,'Riofrio; Sucre',20,0.4,-3.9991486977267,-79.202555457307);
/*!40000 ALTER TABLE `parking` ENABLE KEYS */;
UNLOCK TABLES;

--
-- Table structure for table `personas`
--

DROP TABLE IF EXISTS `personas`;
/*!40101 SET @saved_cs_client     = @@character_set_client */;
/*!40101 SET character_set_client = utf8 */;
CREATE TABLE `personas` (
  `id_persona` int(11) NOT NULL AUTO_INCREMENT,
  `cedula` varchar(10) NOT NULL,
  `id_empleo` int(11) DEFAULT NULL,
  `nombres` varchar(45) DEFAULT NULL,
  `apellidos` varchar(45) DEFAULT NULL,
  `email` varchar(45) DEFAULT NULL,
  `fecha_nacimiento` date DEFAULT NULL,
  `direccion` varchar(150) DEFAULT NULL,
  `celular` varchar(10) DEFAULT NULL,
  `icon` varchar(150) DEFAULT NULL,
  PRIMARY KEY (`id_persona`)
) ENGINE=MyISAM AUTO_INCREMENT=709 DEFAULT CHARSET=utf8;
/*!40101 SET character_set_client = @saved_cs_client */;

--
-- Dumping data for table `personas`
--

LOCK TABLES `personas` WRITE;
/*!40000 ALTER TABLE `personas` DISABLE KEYS */;
INSERT INTO `personas` VALUES (666,'0705234029',4,'Dalton Adrian','Agila Espinosa','dalton@kradac.com','1992-08-22','Loja-San Rafael','0991540427','img/fotos/sin_img.png');
/*!40000 ALTER TABLE `personas` ENABLE KEYS */;
UNLOCK TABLES;

--
-- Table structure for table `plazas`
--

DROP TABLE IF EXISTS `plazas`;
/*!40101 SET @saved_cs_client     = @@character_set_client */;
/*!40101 SET character_set_client = utf8 */;
CREATE TABLE `plazas` (
  `id_parking` int(10) unsigned NOT NULL,
  `id_plaza` int(10) unsigned NOT NULL,
  `placa` varchar(10) NOT NULL,
  `estado` tinyint(1) unsigned NOT NULL,
  `fecha` date DEFAULT NULL,
  `hora_ingreso` time DEFAULT NULL,
  `hora_salida` time DEFAULT NULL,
  `hora_total` time DEFAULT NULL,
  `valor` double DEFAULT NULL,
  `estado_hora` int(1) DEFAULT NULL,
  PRIMARY KEY (`id_parking`,`id_plaza`)
) ENGINE=InnoDB DEFAULT CHARSET=latin1;
/*!40101 SET character_set_client = @saved_cs_client */;

--
-- Dumping data for table `plazas`
--

LOCK TABLES `plazas` WRITE;
/*!40000 ALTER TABLE `plazas` DISABLE KEYS */;
INSERT INTO `plazas` VALUES (1,1,'AAA0001',0,'2013-09-03','12:33:10','12:38:49','00:05:39',2.16,2),(1,2,'PPP0012',0,'2013-09-03','12:39:14','12:39:27','00:00:13',0.05,2),(1,3,'PPP0902',0,'2013-09-03','12:39:46','12:40:07','00:00:21',0.08,2),(1,4,'RRR0001',1,'2013-09-03','12:40:37',NULL,NULL,NULL,1),(1,5,'PBO8177',0,'2013-09-02','18:15:42','18:22:18','00:06:36',NULL,2),(1,6,'JJJ0002',0,'2013-09-02','19:57:39','19:58:00','00:00:21',NULL,2),(1,7,'YYX0033',0,'2013-09-02','18:23:23','18:51:13','00:27:50',NULL,2),(1,8,'',0,NULL,NULL,NULL,NULL,NULL,NULL),(1,9,'TTT0001',0,'2013-09-02','18:51:54','18:52:30','00:00:36',NULL,2),(1,10,'',0,NULL,NULL,NULL,NULL,NULL,NULL),(1,11,'',0,NULL,NULL,NULL,NULL,NULL,NULL),(1,12,'',0,NULL,NULL,NULL,NULL,NULL,NULL),(1,13,'',0,NULL,NULL,NULL,NULL,NULL,NULL),(1,14,'',0,NULL,NULL,NULL,NULL,NULL,NULL),(1,15,'',0,NULL,NULL,NULL,NULL,NULL,NULL),(1,16,'',0,NULL,NULL,NULL,NULL,NULL,NULL),(1,17,'',0,NULL,NULL,NULL,NULL,NULL,NULL),(1,18,'',0,NULL,NULL,NULL,NULL,NULL,NULL),(1,19,'',0,NULL,NULL,NULL,NULL,NULL,NULL),(1,20,'',0,NULL,NULL,NULL,NULL,NULL,NULL),(2,1,'PPP9992',0,'2013-09-03','13:12:00','13:14:36','00:02:36',0.94,2),(2,2,'KKK3345',0,'2013-09-03','13:12:12','13:14:39','00:02:27',0.91,2),(2,3,'QQQ8765',0,'2013-09-03','13:12:25','13:14:42','00:02:17',0.87,2),(2,4,'YYY3224',0,'2013-09-03','13:12:53','13:13:37','00:00:44',0.18,2),(2,5,'YYY3224',0,'2013-09-03','13:13:18','13:14:45','00:01:27',0.51,2),(2,6,'MMM3329',0,'2013-09-03','13:14:14','13:14:48','00:00:34',0.14,2),(2,7,'UUU6745',0,'2013-09-03','13:14:24','13:14:51','00:00:27',0.11,2),(2,8,'',0,NULL,NULL,NULL,NULL,NULL,NULL),(2,9,'',0,NULL,NULL,NULL,NULL,NULL,NULL),(2,10,'',0,NULL,NULL,NULL,NULL,NULL,NULL),(2,11,'',0,NULL,NULL,NULL,NULL,NULL,NULL),(2,12,'',0,NULL,NULL,NULL,NULL,NULL,NULL),(2,13,'',0,NULL,NULL,NULL,NULL,NULL,NULL),(2,14,'',0,NULL,NULL,NULL,NULL,NULL,NULL),(2,15,'',0,NULL,NULL,NULL,NULL,NULL,NULL),(2,16,'',0,NULL,NULL,NULL,NULL,NULL,NULL),(2,17,'',0,NULL,NULL,NULL,NULL,NULL,NULL),(2,18,'',0,NULL,NULL,NULL,NULL,NULL,NULL),(2,19,'',0,NULL,NULL,NULL,NULL,NULL,NULL),(2,20,'',0,NULL,NULL,NULL,NULL,NULL,NULL),(3,1,'',0,NULL,NULL,NULL,NULL,NULL,NULL),(3,2,'',0,NULL,NULL,NULL,NULL,NULL,NULL),(3,3,'',0,NULL,NULL,NULL,NULL,NULL,NULL),(3,4,'',0,NULL,NULL,NULL,NULL,NULL,NULL),(3,5,'',0,NULL,NULL,NULL,NULL,NULL,NULL),(3,6,'',0,NULL,NULL,NULL,NULL,NULL,NULL),(3,7,'',0,NULL,NULL,NULL,NULL,NULL,NULL),(3,8,'',0,NULL,NULL,NULL,NULL,NULL,NULL),(3,9,'',0,NULL,NULL,NULL,NULL,NULL,NULL),(3,10,'',0,NULL,NULL,NULL,NULL,NULL,NULL),(3,11,'',0,NULL,NULL,NULL,NULL,NULL,NULL),(3,12,'',0,NULL,NULL,NULL,NULL,NULL,NULL),(3,13,'',0,NULL,NULL,NULL,NULL,NULL,NULL),(3,14,'',0,NULL,NULL,NULL,NULL,NULL,NULL),(3,15,'',0,NULL,NULL,NULL,NULL,NULL,NULL),(3,16,'',0,NULL,NULL,NULL,NULL,NULL,NULL),(3,17,'',0,NULL,NULL,NULL,NULL,NULL,NULL),(3,18,'',0,NULL,NULL,NULL,NULL,NULL,NULL),(3,19,'',0,NULL,NULL,NULL,NULL,NULL,NULL),(3,20,'',0,NULL,NULL,NULL,NULL,NULL,NULL),(4,1,'',0,NULL,NULL,NULL,NULL,NULL,NULL),(4,2,'',0,NULL,NULL,NULL,NULL,NULL,NULL),(4,3,'',0,NULL,NULL,NULL,NULL,NULL,NULL),(4,4,'',0,NULL,NULL,NULL,NULL,NULL,NULL),(4,5,'',0,NULL,NULL,NULL,NULL,NULL,NULL),(4,6,'',0,NULL,NULL,NULL,NULL,NULL,NULL),(4,7,'',0,NULL,NULL,NULL,NULL,NULL,NULL),(4,8,'',0,NULL,NULL,NULL,NULL,NULL,NULL),(4,9,'',0,NULL,NULL,NULL,NULL,NULL,NULL),(4,10,'',0,NULL,NULL,NULL,NULL,NULL,NULL),(4,11,'',0,NULL,NULL,NULL,NULL,NULL,NULL),(4,12,'',0,NULL,NULL,NULL,NULL,NULL,NULL),(4,13,'',0,NULL,NULL,NULL,NULL,NULL,NULL),(4,14,'',0,NULL,NULL,NULL,NULL,NULL,NULL),(4,15,'',0,NULL,NULL,NULL,NULL,NULL,NULL),(4,16,'',0,NULL,NULL,NULL,NULL,NULL,NULL),(4,17,'',0,NULL,NULL,NULL,NULL,NULL,NULL),(4,18,'',0,NULL,NULL,NULL,NULL,NULL,NULL),(4,19,'',0,NULL,NULL,NULL,NULL,NULL,NULL),(4,20,'',0,NULL,NULL,NULL,NULL,NULL,NULL),(5,1,'',0,NULL,NULL,NULL,NULL,NULL,NULL),(5,2,'',0,NULL,NULL,NULL,NULL,NULL,NULL),(5,3,'',0,NULL,NULL,NULL,NULL,NULL,NULL),(5,4,'',0,NULL,NULL,NULL,NULL,NULL,NULL),(5,5,'',0,NULL,NULL,NULL,NULL,NULL,NULL),(5,6,'',0,NULL,NULL,NULL,NULL,NULL,NULL),(5,7,'',0,NULL,NULL,NULL,NULL,NULL,NULL),(5,8,'',0,NULL,NULL,NULL,NULL,NULL,NULL),(5,9,'',0,NULL,NULL,NULL,NULL,NULL,NULL),(5,10,'',0,NULL,NULL,NULL,NULL,NULL,NULL),(5,11,'',0,NULL,NULL,NULL,NULL,NULL,NULL),(5,12,'',0,NULL,NULL,NULL,NULL,NULL,NULL),(5,13,'',0,NULL,NULL,NULL,NULL,NULL,NULL),(5,14,'',0,NULL,NULL,NULL,NULL,NULL,NULL),(5,15,'',0,NULL,NULL,NULL,NULL,NULL,NULL),(5,16,'',0,NULL,NULL,NULL,NULL,NULL,NULL),(5,17,'',0,NULL,NULL,NULL,NULL,NULL,NULL),(5,18,'',0,NULL,NULL,NULL,NULL,NULL,NULL),(5,19,'',0,NULL,NULL,NULL,NULL,NULL,NULL),(5,20,'',0,NULL,NULL,NULL,NULL,NULL,NULL),(6,1,'',0,NULL,NULL,NULL,NULL,NULL,NULL),(6,2,'',0,NULL,NULL,NULL,NULL,NULL,NULL),(6,3,'',0,NULL,NULL,NULL,NULL,NULL,NULL),(6,4,'',0,NULL,NULL,NULL,NULL,NULL,NULL),(6,5,'',0,NULL,NULL,NULL,NULL,NULL,NULL),(6,6,'',0,NULL,NULL,NULL,NULL,NULL,NULL),(6,7,'',0,NULL,NULL,NULL,NULL,NULL,NULL),(6,8,'',0,NULL,NULL,NULL,NULL,NULL,NULL),(6,9,'',0,NULL,NULL,NULL,NULL,NULL,NULL),(6,10,'',0,NULL,NULL,NULL,NULL,NULL,NULL),(6,11,'',0,NULL,NULL,NULL,NULL,NULL,NULL),(6,12,'',0,NULL,NULL,NULL,NULL,NULL,NULL),(6,13,'',0,NULL,NULL,NULL,NULL,NULL,NULL),(6,14,'',0,NULL,NULL,NULL,NULL,NULL,NULL),(6,15,'',0,NULL,NULL,NULL,NULL,NULL,NULL),(6,16,'',0,NULL,NULL,NULL,NULL,NULL,NULL),(6,17,'',0,NULL,NULL,NULL,NULL,NULL,NULL),(6,18,'',0,NULL,NULL,NULL,NULL,NULL,NULL),(6,19,'',0,NULL,NULL,NULL,NULL,NULL,NULL),(6,20,'',0,NULL,NULL,NULL,NULL,NULL,NULL),(7,1,'',0,NULL,NULL,NULL,NULL,NULL,NULL),(7,2,'',0,NULL,NULL,NULL,NULL,NULL,NULL),(7,3,'',0,NULL,NULL,NULL,NULL,NULL,NULL),(7,4,'',0,NULL,NULL,NULL,NULL,NULL,NULL),(7,5,'',0,NULL,NULL,NULL,NULL,NULL,NULL),(7,6,'',0,NULL,NULL,NULL,NULL,NULL,NULL),(7,7,'',0,NULL,NULL,NULL,NULL,NULL,NULL),(7,8,'',0,NULL,NULL,NULL,NULL,NULL,NULL),(7,9,'',0,NULL,NULL,NULL,NULL,NULL,NULL),(7,10,'',0,NULL,NULL,NULL,NULL,NULL,NULL),(7,11,'',0,NULL,NULL,NULL,NULL,NULL,NULL),(7,12,'',0,NULL,NULL,NULL,NULL,NULL,NULL),(7,13,'',0,NULL,NULL,NULL,NULL,NULL,NULL),(7,14,'',0,NULL,NULL,NULL,NULL,NULL,NULL),(7,15,'',0,NULL,NULL,NULL,NULL,NULL,NULL),(7,16,'',0,NULL,NULL,NULL,NULL,NULL,NULL),(7,17,'',0,NULL,NULL,NULL,NULL,NULL,NULL),(7,18,'',0,NULL,NULL,NULL,NULL,NULL,NULL),(7,19,'',0,NULL,NULL,NULL,NULL,NULL,NULL),(7,20,'',0,NULL,NULL,NULL,NULL,NULL,NULL),(8,1,'',0,NULL,NULL,NULL,NULL,NULL,NULL),(8,2,'',0,NULL,NULL,NULL,NULL,NULL,NULL),(8,3,'',0,NULL,NULL,NULL,NULL,NULL,NULL),(8,4,'',0,NULL,NULL,NULL,NULL,NULL,NULL),(8,5,'',0,NULL,NULL,NULL,NULL,NULL,NULL),(8,6,'',0,NULL,NULL,NULL,NULL,NULL,NULL),(8,7,'',0,NULL,NULL,NULL,NULL,NULL,NULL),(8,8,'',0,NULL,NULL,NULL,NULL,NULL,NULL),(8,9,'',0,NULL,NULL,NULL,NULL,NULL,NULL),(8,10,'',0,NULL,NULL,NULL,NULL,NULL,NULL),(8,11,'',0,NULL,NULL,NULL,NULL,NULL,NULL),(8,12,'',0,NULL,NULL,NULL,NULL,NULL,NULL),(8,13,'',0,NULL,NULL,NULL,NULL,NULL,NULL),(8,14,'',0,NULL,NULL,NULL,NULL,NULL,NULL),(8,15,'',0,NULL,NULL,NULL,NULL,NULL,NULL),(8,16,'',0,NULL,NULL,NULL,NULL,NULL,NULL),(8,17,'',0,NULL,NULL,NULL,NULL,NULL,NULL),(8,18,'',0,NULL,NULL,NULL,NULL,NULL,NULL),(8,19,'',0,NULL,NULL,NULL,NULL,NULL,NULL),(8,20,'',0,NULL,NULL,NULL,NULL,NULL,NULL),(9,1,'',0,NULL,NULL,NULL,NULL,NULL,NULL),(9,2,'',0,NULL,NULL,NULL,NULL,NULL,NULL),(9,3,'',0,NULL,NULL,NULL,NULL,NULL,NULL),(9,4,'',0,NULL,NULL,NULL,NULL,NULL,NULL),(9,5,'',0,NULL,NULL,NULL,NULL,NULL,NULL),(9,6,'',0,NULL,NULL,NULL,NULL,NULL,NULL),(9,7,'',0,NULL,NULL,NULL,NULL,NULL,NULL),(9,8,'',0,NULL,NULL,NULL,NULL,NULL,NULL),(9,9,'',0,NULL,NULL,NULL,NULL,NULL,NULL),(9,10,'',0,NULL,NULL,NULL,NULL,NULL,NULL),(9,11,'',0,NULL,NULL,NULL,NULL,NULL,NULL),(9,12,'',0,NULL,NULL,NULL,NULL,NULL,NULL),(9,13,'',0,NULL,NULL,NULL,NULL,NULL,NULL),(9,14,'',0,NULL,NULL,NULL,NULL,NULL,NULL),(9,15,'',0,NULL,NULL,NULL,NULL,NULL,NULL),(9,16,'',0,NULL,NULL,NULL,NULL,NULL,NULL),(9,17,'',0,NULL,NULL,NULL,NULL,NULL,NULL),(9,18,'',0,NULL,NULL,NULL,NULL,NULL,NULL),(9,19,'',0,NULL,NULL,NULL,NULL,NULL,NULL),(9,20,'',0,NULL,NULL,NULL,NULL,NULL,NULL),(10,1,'',0,NULL,NULL,NULL,NULL,NULL,NULL),(10,2,'',0,NULL,NULL,NULL,NULL,NULL,NULL),(10,3,'',0,NULL,NULL,NULL,NULL,NULL,NULL),(10,4,'',0,NULL,NULL,NULL,NULL,NULL,NULL),(10,5,'',0,NULL,NULL,NULL,NULL,NULL,NULL),(10,6,'',0,NULL,NULL,NULL,NULL,NULL,NULL),(10,7,'',0,NULL,NULL,NULL,NULL,NULL,NULL),(10,8,'',0,NULL,NULL,NULL,NULL,NULL,NULL),(10,9,'',0,NULL,NULL,NULL,NULL,NULL,NULL),(10,10,'',0,NULL,NULL,NULL,NULL,NULL,NULL),(10,11,'',0,NULL,NULL,NULL,NULL,NULL,NULL),(10,12,'',0,NULL,NULL,NULL,NULL,NULL,NULL),(10,13,'',0,NULL,NULL,NULL,NULL,NULL,NULL),(10,14,'',0,NULL,NULL,NULL,NULL,NULL,NULL),(10,15,'',0,NULL,NULL,NULL,NULL,NULL,NULL),(10,16,'',0,NULL,NULL,NULL,NULL,NULL,NULL),(10,17,'',0,NULL,NULL,NULL,NULL,NULL,NULL),(10,18,'',0,NULL,NULL,NULL,NULL,NULL,NULL),(10,19,'',0,NULL,NULL,NULL,NULL,NULL,NULL),(10,20,'',0,NULL,NULL,NULL,NULL,NULL,NULL),(11,1,'',0,NULL,NULL,NULL,NULL,NULL,NULL),(11,2,'',0,NULL,NULL,NULL,NULL,NULL,NULL),(11,3,'',0,NULL,NULL,NULL,NULL,NULL,NULL),(11,4,'',0,NULL,NULL,NULL,NULL,NULL,NULL),(11,5,'',0,NULL,NULL,NULL,NULL,NULL,NULL),(11,6,'',0,NULL,NULL,NULL,NULL,NULL,NULL),(11,7,'',0,NULL,NULL,NULL,NULL,NULL,NULL),(11,8,'',0,NULL,NULL,NULL,NULL,NULL,NULL),(11,9,'',0,NULL,NULL,NULL,NULL,NULL,NULL),(11,10,'',0,NULL,NULL,NULL,NULL,NULL,NULL),(11,11,'',0,NULL,NULL,NULL,NULL,NULL,NULL),(11,12,'',0,NULL,NULL,NULL,NULL,NULL,NULL),(11,13,'',0,NULL,NULL,NULL,NULL,NULL,NULL),(11,14,'',0,NULL,NULL,NULL,NULL,NULL,NULL),(11,15,'',0,NULL,NULL,NULL,NULL,NULL,NULL),(11,16,'',0,NULL,NULL,NULL,NULL,NULL,NULL),(11,17,'',0,NULL,NULL,NULL,NULL,NULL,NULL),(11,18,'',0,NULL,NULL,NULL,NULL,NULL,NULL),(11,19,'',0,NULL,NULL,NULL,NULL,NULL,NULL),(11,20,'',0,NULL,NULL,NULL,NULL,NULL,NULL),(12,1,'',0,NULL,NULL,NULL,NULL,NULL,NULL),(12,2,'',0,NULL,NULL,NULL,NULL,NULL,NULL),(12,3,'',0,NULL,NULL,NULL,NULL,NULL,NULL),(12,4,'',0,NULL,NULL,NULL,NULL,NULL,NULL),(12,5,'',0,NULL,NULL,NULL,NULL,NULL,NULL),(12,6,'',0,NULL,NULL,NULL,NULL,NULL,NULL),(12,7,'',0,NULL,NULL,NULL,NULL,NULL,NULL),(12,8,'',0,NULL,NULL,NULL,NULL,NULL,NULL),(12,9,'',0,NULL,NULL,NULL,NULL,NULL,NULL),(12,10,'',0,NULL,NULL,NULL,NULL,NULL,NULL),(12,11,'',0,NULL,NULL,NULL,NULL,NULL,NULL),(12,12,'',0,NULL,NULL,NULL,NULL,NULL,NULL),(12,13,'',0,NULL,NULL,NULL,NULL,NULL,NULL),(12,14,'',0,NULL,NULL,NULL,NULL,NULL,NULL),(12,15,'',0,NULL,NULL,NULL,NULL,NULL,NULL),(12,16,'',0,NULL,NULL,NULL,NULL,NULL,NULL),(12,17,'',0,NULL,NULL,NULL,NULL,NULL,NULL),(12,18,'',0,NULL,NULL,NULL,NULL,NULL,NULL),(12,19,'',0,NULL,NULL,NULL,NULL,NULL,NULL),(12,20,'',0,NULL,NULL,NULL,NULL,NULL,NULL),(13,1,'',0,NULL,NULL,NULL,NULL,NULL,NULL),(13,2,'',0,NULL,NULL,NULL,NULL,NULL,NULL),(13,3,'',0,NULL,NULL,NULL,NULL,NULL,NULL),(13,4,'',0,NULL,NULL,NULL,NULL,NULL,NULL),(13,5,'',0,NULL,NULL,NULL,NULL,NULL,NULL),(13,6,'',0,NULL,NULL,NULL,NULL,NULL,NULL),(13,7,'',0,NULL,NULL,NULL,NULL,NULL,NULL),(13,8,'',0,NULL,NULL,NULL,NULL,NULL,NULL),(13,9,'',0,NULL,NULL,NULL,NULL,NULL,NULL),(13,10,'',0,NULL,NULL,NULL,NULL,NULL,NULL),(13,11,'',0,NULL,NULL,NULL,NULL,NULL,NULL),(13,12,'',0,NULL,NULL,NULL,NULL,NULL,NULL),(13,13,'',0,NULL,NULL,NULL,NULL,NULL,NULL),(13,14,'',0,NULL,NULL,NULL,NULL,NULL,NULL),(13,15,'',0,NULL,NULL,NULL,NULL,NULL,NULL),(13,16,'',0,NULL,NULL,NULL,NULL,NULL,NULL),(13,17,'',0,NULL,NULL,NULL,NULL,NULL,NULL),(13,18,'',0,NULL,NULL,NULL,NULL,NULL,NULL),(13,19,'',0,NULL,NULL,NULL,NULL,NULL,NULL),(13,20,'',0,NULL,NULL,NULL,NULL,NULL,NULL),(14,1,'',0,NULL,NULL,NULL,NULL,NULL,NULL),(14,2,'',0,NULL,NULL,NULL,NULL,NULL,NULL),(14,3,'',0,NULL,NULL,NULL,NULL,NULL,NULL),(14,4,'',0,NULL,NULL,NULL,NULL,NULL,NULL),(14,5,'',0,NULL,NULL,NULL,NULL,NULL,NULL),(14,6,'',0,NULL,NULL,NULL,NULL,NULL,NULL),(14,7,'',0,NULL,NULL,NULL,NULL,NULL,NULL),(14,8,'',0,NULL,NULL,NULL,NULL,NULL,NULL),(14,9,'',0,NULL,NULL,NULL,NULL,NULL,NULL),(14,10,'',0,NULL,NULL,NULL,NULL,NULL,NULL),(14,11,'',0,NULL,NULL,NULL,NULL,NULL,NULL),(14,12,'',0,NULL,NULL,NULL,NULL,NULL,NULL),(14,13,'',0,NULL,NULL,NULL,NULL,NULL,NULL),(14,14,'',0,NULL,NULL,NULL,NULL,NULL,NULL),(14,15,'',0,NULL,NULL,NULL,NULL,NULL,NULL),(14,16,'',0,NULL,NULL,NULL,NULL,NULL,NULL),(14,17,'',0,NULL,NULL,NULL,NULL,NULL,NULL),(14,18,'',0,NULL,NULL,NULL,NULL,NULL,NULL),(14,19,'',0,NULL,NULL,NULL,NULL,NULL,NULL),(14,20,'',0,NULL,NULL,NULL,NULL,NULL,NULL),(15,1,'',0,NULL,NULL,NULL,NULL,NULL,NULL),(15,2,'',0,NULL,NULL,NULL,NULL,NULL,NULL),(15,3,'',0,NULL,NULL,NULL,NULL,NULL,NULL),(15,4,'',0,NULL,NULL,NULL,NULL,NULL,NULL),(15,5,'',0,NULL,NULL,NULL,NULL,NULL,NULL),(15,6,'',0,NULL,NULL,NULL,NULL,NULL,NULL),(15,7,'',0,NULL,NULL,NULL,NULL,NULL,NULL),(15,8,'',0,NULL,NULL,NULL,NULL,NULL,NULL),(15,9,'',0,NULL,NULL,NULL,NULL,NULL,NULL),(15,10,'',0,NULL,NULL,NULL,NULL,NULL,NULL),(15,11,'',0,NULL,NULL,NULL,NULL,NULL,NULL),(15,12,'',0,NULL,NULL,NULL,NULL,NULL,NULL),(15,13,'',0,NULL,NULL,NULL,NULL,NULL,NULL),(15,14,'',0,NULL,NULL,NULL,NULL,NULL,NULL),(15,15,'',0,NULL,NULL,NULL,NULL,NULL,NULL),(15,16,'',0,NULL,NULL,NULL,NULL,NULL,NULL),(15,17,'',0,NULL,NULL,NULL,NULL,NULL,NULL),(15,18,'',0,NULL,NULL,NULL,NULL,NULL,NULL),(15,19,'',0,NULL,NULL,NULL,NULL,NULL,NULL),(15,20,'',0,NULL,NULL,NULL,NULL,NULL,NULL),(16,1,'',0,NULL,NULL,NULL,NULL,NULL,NULL),(16,2,'',0,NULL,NULL,NULL,NULL,NULL,NULL),(16,3,'',0,NULL,NULL,NULL,NULL,NULL,NULL),(16,4,'',0,NULL,NULL,NULL,NULL,NULL,NULL),(16,5,'',0,NULL,NULL,NULL,NULL,NULL,NULL),(16,6,'',0,NULL,NULL,NULL,NULL,NULL,NULL),(16,7,'',0,NULL,NULL,NULL,NULL,NULL,NULL),(16,8,'',0,NULL,NULL,NULL,NULL,NULL,NULL),(16,9,'',0,NULL,NULL,NULL,NULL,NULL,NULL),(16,10,'',0,NULL,NULL,NULL,NULL,NULL,NULL),(16,11,'',0,NULL,NULL,NULL,NULL,NULL,NULL),(16,12,'',0,NULL,NULL,NULL,NULL,NULL,NULL),(16,13,'',0,NULL,NULL,NULL,NULL,NULL,NULL),(16,14,'',0,NULL,NULL,NULL,NULL,NULL,NULL),(16,15,'',0,NULL,NULL,NULL,NULL,NULL,NULL),(16,16,'',0,NULL,NULL,NULL,NULL,NULL,NULL),(16,17,'',0,NULL,NULL,NULL,NULL,NULL,NULL),(16,18,'',0,NULL,NULL,NULL,NULL,NULL,NULL),(16,19,'',0,NULL,NULL,NULL,NULL,NULL,NULL),(16,20,'',0,NULL,NULL,NULL,NULL,NULL,NULL),(17,1,'',0,NULL,NULL,NULL,NULL,NULL,NULL),(17,2,'',0,NULL,NULL,NULL,NULL,NULL,NULL),(17,3,'',0,NULL,NULL,NULL,NULL,NULL,NULL),(17,4,'',0,NULL,NULL,NULL,NULL,NULL,NULL),(17,5,'',0,NULL,NULL,NULL,NULL,NULL,NULL),(17,6,'',0,NULL,NULL,NULL,NULL,NULL,NULL),(17,7,'',0,NULL,NULL,NULL,NULL,NULL,NULL),(17,8,'',0,NULL,NULL,NULL,NULL,NULL,NULL),(17,9,'',0,NULL,NULL,NULL,NULL,NULL,NULL),(17,10,'',0,NULL,NULL,NULL,NULL,NULL,NULL),(17,11,'',0,NULL,NULL,NULL,NULL,NULL,NULL),(17,12,'',0,NULL,NULL,NULL,NULL,NULL,NULL),(17,13,'',0,NULL,NULL,NULL,NULL,NULL,NULL),(17,14,'',0,NULL,NULL,NULL,NULL,NULL,NULL),(17,15,'',0,NULL,NULL,NULL,NULL,NULL,NULL),(17,16,'',0,NULL,NULL,NULL,NULL,NULL,NULL),(17,17,'',0,NULL,NULL,NULL,NULL,NULL,NULL),(17,18,'',0,NULL,NULL,NULL,NULL,NULL,NULL),(17,19,'',0,NULL,NULL,NULL,NULL,NULL,NULL),(17,20,'',0,NULL,NULL,NULL,NULL,NULL,NULL),(18,1,'',0,NULL,NULL,NULL,NULL,NULL,NULL),(18,2,'',0,NULL,NULL,NULL,NULL,NULL,NULL),(18,3,'',0,NULL,NULL,NULL,NULL,NULL,NULL),(18,4,'',0,NULL,NULL,NULL,NULL,NULL,NULL),(18,5,'',0,NULL,NULL,NULL,NULL,NULL,NULL),(18,6,'',0,NULL,NULL,NULL,NULL,NULL,NULL),(18,7,'',0,NULL,NULL,NULL,NULL,NULL,NULL),(18,8,'',0,NULL,NULL,NULL,NULL,NULL,NULL),(18,9,'',0,NULL,NULL,NULL,NULL,NULL,NULL),(18,10,'',0,NULL,NULL,NULL,NULL,NULL,NULL),(18,11,'',0,NULL,NULL,NULL,NULL,NULL,NULL),(18,12,'',0,NULL,NULL,NULL,NULL,NULL,NULL),(18,13,'',0,NULL,NULL,NULL,NULL,NULL,NULL),(18,14,'',0,NULL,NULL,NULL,NULL,NULL,NULL),(18,15,'',0,NULL,NULL,NULL,NULL,NULL,NULL),(18,16,'',0,NULL,NULL,NULL,NULL,NULL,NULL),(18,17,'',0,NULL,NULL,NULL,NULL,NULL,NULL),(18,18,'',0,NULL,NULL,NULL,NULL,NULL,NULL),(18,19,'',0,NULL,NULL,NULL,NULL,NULL,NULL),(18,20,'',0,NULL,NULL,NULL,NULL,NULL,NULL),(19,1,'',0,NULL,NULL,NULL,NULL,NULL,NULL),(19,2,'',0,NULL,NULL,NULL,NULL,NULL,NULL),(19,3,'',0,NULL,NULL,NULL,NULL,NULL,NULL),(19,4,'',0,NULL,NULL,NULL,NULL,NULL,NULL),(19,5,'',0,NULL,NULL,NULL,NULL,NULL,NULL),(19,6,'',0,NULL,NULL,NULL,NULL,NULL,NULL),(19,7,'',0,NULL,NULL,NULL,NULL,NULL,NULL),(19,8,'',0,NULL,NULL,NULL,NULL,NULL,NULL),(19,9,'',0,NULL,NULL,NULL,NULL,NULL,NULL),(19,10,'',0,NULL,NULL,NULL,NULL,NULL,NULL),(19,11,'',0,NULL,NULL,NULL,NULL,NULL,NULL),(19,12,'',0,NULL,NULL,NULL,NULL,NULL,NULL),(19,13,'',0,NULL,NULL,NULL,NULL,NULL,NULL),(19,14,'',0,NULL,NULL,NULL,NULL,NULL,NULL),(19,15,'',0,NULL,NULL,NULL,NULL,NULL,NULL),(19,16,'',0,NULL,NULL,NULL,NULL,NULL,NULL),(19,17,'',0,NULL,NULL,NULL,NULL,NULL,NULL),(19,18,'',0,NULL,NULL,NULL,NULL,NULL,NULL),(19,19,'',0,NULL,NULL,NULL,NULL,NULL,NULL),(19,20,'',0,NULL,NULL,NULL,NULL,NULL,NULL),(20,1,'',0,NULL,NULL,NULL,NULL,NULL,NULL),(20,2,'',0,NULL,NULL,NULL,NULL,NULL,NULL),(20,3,'',0,NULL,NULL,NULL,NULL,NULL,NULL),(20,4,'',0,NULL,NULL,NULL,NULL,NULL,NULL),(20,5,'',0,NULL,NULL,NULL,NULL,NULL,NULL),(20,6,'',0,NULL,NULL,NULL,NULL,NULL,NULL),(20,7,'',0,NULL,NULL,NULL,NULL,NULL,NULL),(20,8,'',0,NULL,NULL,NULL,NULL,NULL,NULL),(20,9,'',0,NULL,NULL,NULL,NULL,NULL,NULL),(20,10,'',0,NULL,NULL,NULL,NULL,NULL,NULL),(20,11,'',0,NULL,NULL,NULL,NULL,NULL,NULL),(20,12,'',0,NULL,NULL,NULL,NULL,NULL,NULL),(20,13,'',0,NULL,NULL,NULL,NULL,NULL,NULL),(20,14,'',0,NULL,NULL,NULL,NULL,NULL,NULL),(20,15,'',0,NULL,NULL,NULL,NULL,NULL,NULL),(20,16,'',0,NULL,NULL,NULL,NULL,NULL,NULL),(20,17,'',0,NULL,NULL,NULL,NULL,NULL,NULL),(20,18,'',0,NULL,NULL,NULL,NULL,NULL,NULL),(20,20,'',0,NULL,NULL,NULL,NULL,NULL,NULL),(20,29,'',0,NULL,NULL,NULL,NULL,NULL,NULL);
/*!40000 ALTER TABLE `plazas` ENABLE KEYS */;
UNLOCK TABLES;
/*!50003 SET @saved_cs_client      = @@character_set_client */ ;
/*!50003 SET @saved_cs_results     = @@character_set_results */ ;
/*!50003 SET @saved_col_connection = @@collation_connection */ ;
/*!50003 SET character_set_client  = utf8 */ ;
/*!50003 SET character_set_results = utf8 */ ;
/*!50003 SET collation_connection  = utf8_general_ci */ ;
/*!50003 SET @saved_sql_mode       = @@sql_mode */ ;
/*!50003 SET sql_mode              = '' */ ;
DELIMITER ;;
/*!50003 CREATE*/ /*!50017 DEFINER=`root`@`localhost`*/ /*!50003 TRIGGER `plazas_BUPD` BEFORE UPDATE ON `plazas` FOR EACH ROW
-- Edit trigger body code below this line. Do not edit lines above this one
BEGIN
	DECLARE VALOR_PARKING DOUBLE;

	SET NEW.FECHA = DATE(NOW());
	IF (NEW.ESTADO = 1) THEN
		SET NEW.HORA_INGRESO = TIME(NOW());
		SET NEW.HORA_SALIDA = NULL;
		SET NEW.HORA_TOTAL = NULL;
		SET NEW.VALOR = NULL;
		SET NEW.ESTADO_HORA = 1;
	ELSE		
		SET NEW.HORA_SALIDA = TIME(NOW());
		SET NEW.HORA_TOTAL = TIMEDIFF(NEW.HORA_SALIDA, NEW.HORA_INGRESO);
		SET NEW.ESTADO_HORA = 2;

		SELECT VALOR INTO VALOR_PARKING FROM PARKING WHERE ID_PARKING = NEW.ID_PARKING;
		SET NEW.VALOR = ROUND((CONCAT(MINUTE(NEW.HORA_TOTAL), '.', SECOND(NEW.HORA_TOTAL)) * VALOR_PARKING), 2);
	END IF;
END */;;
DELIMITER ;
/*!50003 SET sql_mode              = @saved_sql_mode */ ;
/*!50003 SET character_set_client  = @saved_cs_client */ ;
/*!50003 SET character_set_results = @saved_cs_results */ ;
/*!50003 SET collation_connection  = @saved_col_connection */ ;
/*!50003 SET @saved_cs_client      = @@character_set_client */ ;
/*!50003 SET @saved_cs_results     = @@character_set_results */ ;
/*!50003 SET @saved_col_connection = @@collation_connection */ ;
/*!50003 SET character_set_client  = utf8 */ ;
/*!50003 SET character_set_results = utf8 */ ;
/*!50003 SET collation_connection  = utf8_general_ci */ ;
/*!50003 SET @saved_sql_mode       = @@sql_mode */ ;
/*!50003 SET sql_mode              = '' */ ;
DELIMITER ;;
/*!50003 CREATE*/ /*!50017 DEFINER=`root`@`localhost`*/ /*!50003 TRIGGER `plazas_AUPD` AFTER UPDATE ON `plazas` FOR EACH ROW
-- Edit trigger body code below this line. Do not edit lines above this one
BEGIN
	IF (NEW.ESTADO_HORA = 2) THEN
		INSERT INTO PLAZAS_HISTORICO (ID_PARKING, ID_PLAZA, PLACA, FECHA, HORA_INGRESO, HORA_SALIDA, HORA_TOTAL, VALOR)
		VALUES (NEW.ID_PARKING, NEW.ID_PLAZA, NEW.PLACA, NEW.FECHA, NEW.HORA_INGRESO, NEW.HORA_SALIDA, NEW.HORA_TOTAL, NEW.VALOR);
	END IF;
END */;;
DELIMITER ;
/*!50003 SET sql_mode              = @saved_sql_mode */ ;
/*!50003 SET character_set_client  = @saved_cs_client */ ;
/*!50003 SET character_set_results = @saved_cs_results */ ;
/*!50003 SET collation_connection  = @saved_col_connection */ ;

--
-- Table structure for table `plazas_historico`
--

DROP TABLE IF EXISTS `plazas_historico`;
/*!40101 SET @saved_cs_client     = @@character_set_client */;
/*!40101 SET character_set_client = utf8 */;
CREATE TABLE `plazas_historico` (
  `id_plaza_hist` int(11) NOT NULL AUTO_INCREMENT,
  `id_parking` int(11) NOT NULL,
  `id_plaza` int(11) NOT NULL,
  `placa` varchar(10) NOT NULL,
  `fecha` date NOT NULL,
  `hora_ingreso` time NOT NULL,
  `hora_salida` time NOT NULL,
  `hora_total` time NOT NULL,
  `valor` double NOT NULL,
  PRIMARY KEY (`id_plaza_hist`)
) ENGINE=InnoDB AUTO_INCREMENT=110 DEFAULT CHARSET=latin1;
/*!40101 SET character_set_client = @saved_cs_client */;

--
-- Dumping data for table `plazas_historico`
--

LOCK TABLES `plazas_historico` WRITE;
/*!40000 ALTER TABLE `plazas_historico` DISABLE KEYS */;
INSERT INTO `plazas_historico` VALUES (1,1,1,'','2013-09-02','12:32:12','12:33:09','00:00:00',0),(2,1,4,'','2013-09-02','12:34:16','12:34:31','00:00:00',0),(3,1,4,'','2013-09-02','12:34:56','12:35:07','00:00:00',0),(4,1,1,'','2013-09-02','12:33:20','16:18:49','03:45:29',0),(5,1,2,'','2013-09-02','12:32:15','16:19:16','03:47:01',0),(6,1,3,'','2013-09-02','12:32:18','16:19:20','03:47:02',0),(7,1,4,'','2013-09-02','16:19:45','16:19:52','00:00:07',0),(8,1,1,'','2013-09-02','16:23:10','16:27:37','00:04:27',0),(9,1,2,'','2013-09-02','16:27:48','16:28:55','00:01:07',0),(26,1,2,'','2013-09-02','18:10:08','18:13:55','00:03:47',0),(27,1,1,'','2013-09-02','18:09:11','18:14:51','00:05:40',0),(28,1,1,'','2013-09-02','18:15:22','18:16:18','00:00:56',0),(29,1,1,'PBO8177','2013-09-02','18:21:17','18:22:02','00:00:45',0),(30,1,5,'PBO8177','2013-09-02','18:15:42','18:22:18','00:06:36',0),(31,1,2,'YYX0033','2013-09-02','18:23:09','18:23:32','00:00:23',0),(32,1,7,'YYX0033','2013-09-02','18:23:23','18:51:13','00:27:50',0),(33,1,9,'TTT0001','2013-09-02','18:51:54','18:52:30','00:00:36',0),(34,1,1,'AAA0001','2013-09-02','18:51:28','18:56:39','00:05:11',0),(35,1,2,'PPP0001','2013-09-02','19:57:04','19:57:16','00:00:12',0),(36,1,6,'JJJ0002','2013-09-02','19:57:39','19:58:00','00:00:21',0),(37,1,3,'PPP0907','2013-09-03','19:27:25','10:43:12','-08:44:13',0),(38,1,1,'AAA0003','2013-09-03','10:43:37','10:44:04','00:00:27',0),(39,1,1,'AAA0008','2013-09-03','10:45:12','10:46:57','00:01:45',58),(40,1,2,'PPP0007','2013-09-03','10:48:41','10:56:13','00:07:32',2.9280000000000004),(41,1,2,'PPP0014','2013-09-03','10:57:48','11:00:10','00:02:22',0.89),(42,1,1,'AAA0006','2013-09-03','12:17:47','12:18:09','00:00:22',0.09),(43,1,1,'AAA0003','2013-09-03','12:18:34','12:19:43','00:01:09',0.76),(44,1,1,'AAA0002','2013-09-03','12:20:23','12:21:59','00:01:36',0.54),(45,1,1,'AAA0001','2013-09-03','12:22:45','12:23:02','00:00:17',0.07),(46,1,2,'PPP0013','2013-09-03','12:23:22','12:24:07','00:00:45',0.18),(47,1,1,'AAA0007','2013-09-03','12:26:44','12:30:14','00:03:30',1.32),(48,1,1,'AAA0006','2013-09-03','12:31:14','12:31:39','00:00:25',0.1),(49,1,1,'AAA0001','2013-09-03','12:33:10','12:38:49','00:05:39',2.16),(50,1,2,'PPP0012','2013-09-03','12:39:14','12:39:27','00:00:13',0.05),(51,1,3,'PPP0902','2013-09-03','12:39:46','12:40:07','00:00:21',0.08),(52,2,4,'YYY3224','2013-09-03','13:12:53','13:13:37','00:00:44',0.18),(53,2,1,'PPP9992','2013-09-03','13:12:00','13:14:36','00:02:36',0.94),(54,2,2,'KKK3345','2013-09-03','13:12:12','13:14:39','00:02:27',0.91),(55,2,3,'QQQ8765','2013-09-03','13:12:25','13:14:42','00:02:17',0.87),(56,2,5,'YYY3224','2013-09-03','13:13:18','13:14:45','00:01:27',0.51),(57,2,6,'MMM3329','2013-09-03','13:14:14','13:14:48','00:00:34',0.14),(58,2,7,'UUU6745','2013-09-03','13:14:24','13:14:51','00:00:27',0.11),(59,3,2,'IVE21015','2013-09-03','19:34:35','20:05:39','00:31:04',0.124),(60,3,11,'TJF3148','2013-09-03','19:34:35','20:05:39','00:31:04',0.124),(61,3,13,'LON8773','2013-09-03','19:34:35','20:05:39','00:31:04',0.124),(62,3,16,'CIC64410','2013-09-03','19:34:35','20:05:39','00:31:04',0.124),(63,3,16,'FDM5888','2013-09-03','19:34:35','20:05:39','00:31:04',0.124),(64,9,5,'RBJ107610','2013-09-03','19:34:55','20:05:59','00:31:04',0.124),(65,9,20,'NAZ5435','2013-09-03','19:34:55','20:05:59','00:31:04',0.124),(66,9,10,'QZJ28110','2013-09-03','19:34:55','20:05:59','00:31:04',0.124),(67,9,1,'LTO1637','2013-09-03','19:34:55','20:05:59','00:31:04',0.124),(68,9,4,'ZFN10899','2013-09-03','19:34:55','20:05:59','00:31:04',0.124),(69,10,5,'DPQ21087','2013-09-03','19:36:10','20:07:14','00:31:04',0.124),(70,10,17,'KOX510106','2013-09-03','19:36:10','20:07:14','00:31:04',0.124),(71,10,16,'NYC68910','2013-09-03','19:36:10','20:07:14','00:31:04',0.124),(72,10,18,'TIM5277','2013-09-03','19:36:10','20:07:14','00:31:04',0.124),(73,10,21,'VUE6262','2013-09-03','19:36:11','20:07:15','00:31:04',0.124),(74,4,12,'JAA8314','2013-09-03','19:37:43','20:08:47','00:31:04',0.124),(75,4,7,'XEG2428','2013-09-03','19:37:43','20:08:47','00:31:04',0.124),(76,4,5,'ZVE1293','2013-09-03','19:37:43','20:08:47','00:31:04',0.124),(77,4,3,'PFZ88107','2013-09-03','19:37:43','20:08:47','00:31:04',0.124),(78,4,19,'CEJ4525','2013-09-03','19:37:43','20:08:47','00:31:04',0.124),(79,6,1,'TME9997','2013-09-03','19:38:03','20:09:07','00:31:04',0.124),(80,6,7,'DVM6355','2013-09-03','19:38:03','20:09:07','00:31:04',0.124),(81,6,6,'RNJ12109','2013-09-03','19:38:03','20:09:07','00:31:04',0.124),(82,6,11,'RSA2947','2013-09-03','19:38:03','20:09:07','00:31:04',0.124),(83,6,13,'GFK68107','2013-09-03','19:38:03','20:09:07','00:31:04',0.124),(84,18,4,'POO2646','2013-09-03','19:38:19','20:09:23','00:31:04',0.124),(85,18,8,'OFD7233','2013-09-03','19:38:19','20:09:23','00:31:04',0.124),(86,18,4,'NXX7362','2013-09-03','19:38:19','20:09:23','00:31:04',0.124),(87,18,8,'NCY8137','2013-09-03','19:38:19','20:09:23','00:31:04',0.124),(88,18,21,'GAQ910310','2013-09-03','19:38:19','20:09:23','00:31:04',0.124),(89,18,8,'NCY8137','2013-09-03','19:38:28','20:09:32','00:31:04',0.124),(90,15,14,'CPP87107','2013-09-03','19:38:39','20:09:43','00:31:04',0.124),(91,15,8,'PEN8541','2013-09-03','19:38:39','20:09:43','00:31:04',0.124),(92,15,9,'KUP7822','2013-09-03','19:38:39','20:09:43','00:31:04',0.124),(93,15,16,'DEG1866','2013-09-03','19:38:39','20:09:43','00:31:04',0.124),(94,15,4,'XVO3814','2013-09-03','19:38:39','20:09:43','00:31:04',0.124),(95,2,8,'YEH4413','2013-09-03','19:38:59','20:10:03','00:31:04',0.124),(96,2,1,'ETB7101010','2013-09-03','19:38:59','20:10:03','00:31:04',0.124),(97,2,4,'SXO64510','2013-09-03','19:38:59','20:10:03','00:31:04',0.124),(98,2,2,'JXR41052','2013-09-03','19:38:59','20:10:03','00:31:04',0.124),(99,2,4,'WTB4654','2013-09-03','19:39:00','20:10:04','00:31:04',0.124),(100,7,8,'AAU51019','2013-09-03','19:42:06','20:13:10','00:31:04',0.124),(101,7,20,'WPX4337','2013-09-03','19:42:06','20:13:10','00:31:04',0.124),(102,7,8,'UUN8879','2013-09-03','19:42:06','20:13:10','00:31:04',0.124),(103,7,16,'XUJ9935','2013-09-03','19:42:06','20:13:10','00:31:04',0.124),(104,7,3,'CCG12210','2013-09-03','19:42:06','20:13:10','00:31:04',0.124),(105,11,4,'GNJ4359','2013-09-03','19:52:06','20:23:10','00:31:04',0.124),(106,11,11,'CDZ1382','2013-09-03','19:52:06','20:23:10','00:31:04',0.124),(107,11,2,'ZYS31014','2013-09-03','19:52:06','20:23:10','00:31:04',0.124),(108,11,8,'RMD9973','2013-09-03','19:52:06','20:23:10','00:31:04',0.124),(109,11,10,'WQN39102','2013-09-03','19:52:06','20:23:10','00:31:04',0.124);
/*!40000 ALTER TABLE `plazas_historico` ENABLE KEYS */;
UNLOCK TABLES;

--
-- Table structure for table `rol_usuario`
--

DROP TABLE IF EXISTS `rol_usuario`;
/*!40101 SET @saved_cs_client     = @@character_set_client */;
/*!40101 SET character_set_client = utf8 */;
CREATE TABLE `rol_usuario` (
  `id_rol_usuario` int(11) NOT NULL,
  `rol_usuario` varchar(45) DEFAULT NULL,
  `descripcion` varchar(150) DEFAULT NULL,
  PRIMARY KEY (`id_rol_usuario`)
) ENGINE=MyISAM DEFAULT CHARSET=utf8;
/*!40101 SET character_set_client = @saved_cs_client */;

--
-- Dumping data for table `rol_usuario`
--

LOCK TABLES `rol_usuario` WRITE;
/*!40000 ALTER TABLE `rol_usuario` DISABLE KEYS */;
INSERT INTO `rol_usuario` VALUES (1,'Administrador','Todo'),(2,'Controlador',NULL),(3,'Usuario',NULL);
/*!40000 ALTER TABLE `rol_usuario` ENABLE KEYS */;
UNLOCK TABLES;

--
-- Table structure for table `tipo_avenida`
--

DROP TABLE IF EXISTS `tipo_avenida`;
/*!40101 SET @saved_cs_client     = @@character_set_client */;
/*!40101 SET character_set_client = utf8 */;
CREATE TABLE `tipo_avenida` (
  `id_tipo_avenida` int(11) NOT NULL,
  `tipo` varchar(45) DEFAULT NULL,
  PRIMARY KEY (`id_tipo_avenida`)
) ENGINE=InnoDB DEFAULT CHARSET=utf8;
/*!40101 SET character_set_client = @saved_cs_client */;

--
-- Dumping data for table `tipo_avenida`
--

LOCK TABLES `tipo_avenida` WRITE;
/*!40000 ALTER TABLE `tipo_avenida` DISABLE KEYS */;
INSERT INTO `tipo_avenida` VALUES (1,'PRINCIPAL'),(2,'SECUNDARIA');
/*!40000 ALTER TABLE `tipo_avenida` ENABLE KEYS */;
UNLOCK TABLES;

--
-- Table structure for table `usuarios`
--

DROP TABLE IF EXISTS `usuarios`;
/*!40101 SET @saved_cs_client     = @@character_set_client */;
/*!40101 SET character_set_client = utf8 */;
CREATE TABLE `usuarios` (
  `id_usuario` int(11) NOT NULL AUTO_INCREMENT,
  `id_rol_usuario` int(11) NOT NULL,
  `id_persona` int(11) NOT NULL,
  `usuario` varchar(45) NOT NULL,
  `clave` varchar(45) NOT NULL,
  `id_parking` int(11) NOT NULL,
  PRIMARY KEY (`id_usuario`)
) ENGINE=MyISAM AUTO_INCREMENT=47 DEFAULT CHARSET=utf8;
/*!40101 SET character_set_client = @saved_cs_client */;

--
-- Dumping data for table `usuarios`
--

LOCK TABLES `usuarios` WRITE;
/*!40000 ALTER TABLE `usuarios` DISABLE KEYS */;
INSERT INTO `usuarios` VALUES (1,1,666,'KRADAC','a47b5f63a8511491a93e8527d3f505b3',1),(2,2,666,'dalton1','fb9b1803a4b30134f4166399f9a13309',1),(3,2,666,'dalton2','a7c46302739ba4069ee88c0ba3102be8',2),(4,2,666,'dalton3','79597e88a9698753d8e9b171afae5c0b',3),(5,2,666,'dalton4','5f6baa588ec6c474ceb4278874be7087',4),(6,2,666,'dalton5','fa58bb8fd1e4d6fb3afef1bf3375f01a',5);
/*!40000 ALTER TABLE `usuarios` ENABLE KEYS */;
UNLOCK TABLES;

--
-- Dumping events for database 'kparkingdb'
--

--
-- Dumping routines for database 'kparkingdb'
--
/*!50003 DROP PROCEDURE IF EXISTS `generateAleatorio` */;
/*!50003 SET @saved_cs_client      = @@character_set_client */ ;
/*!50003 SET @saved_cs_results     = @@character_set_results */ ;
/*!50003 SET @saved_col_connection = @@collation_connection */ ;
/*!50003 SET character_set_client  = utf8 */ ;
/*!50003 SET character_set_results = utf8 */ ;
/*!50003 SET collation_connection  = utf8_general_ci */ ;
/*!50003 SET @saved_sql_mode       = @@sql_mode */ ;
/*!50003 SET sql_mode              = '' */ ;
DELIMITER ;;
CREATE DEFINER=`root`@`localhost` PROCEDURE `generateAleatorio`(
	IDPARKING INT,
	IDPLAZA INT,
	PLACA VARCHAR(10)
)
BEGIN
	DECLARE H_INGRESO TIME;
	DECLARE H_SALIDA TIME;
	DECLARE H_TOTAL TIME;
	DECLARE VAL DOUBLE;

	SET H_INGRESO = ADDTIME(TIME(NOW()), '00:03:04');
	SET H_SALIDA = ADDTIME(H_INGRESO, '00:31:04');
	SET H_TOTAL = SUBTIME(H_SALIDA, H_INGRESO);
	SET VAL = CONCAT(HOUR(H_TOTAL),'.',MINUTE(H_TOTAL)) * 0.4;

	INSERT INTO PLAZAS_HISTORICO (ID_PARKING,ID_PLAZA,PLACA,FECHA,HORA_INGRESO,HORA_SALIDA,HORA_TOTAL,VALOR)
	VALUES (IDPARKING,IDPLAZA,PLACA,DATE(NOW()), H_INGRESO, H_SALIDA, H_TOTAL, VAL);
END ;;
DELIMITER ;
/*!50003 SET sql_mode              = @saved_sql_mode */ ;
/*!50003 SET character_set_client  = @saved_cs_client */ ;
/*!50003 SET character_set_results = @saved_cs_results */ ;
/*!50003 SET collation_connection  = @saved_col_connection */ ;
/*!40103 SET TIME_ZONE=@OLD_TIME_ZONE */;

/*!40101 SET SQL_MODE=@OLD_SQL_MODE */;
/*!40014 SET FOREIGN_KEY_CHECKS=@OLD_FOREIGN_KEY_CHECKS */;
/*!40014 SET UNIQUE_CHECKS=@OLD_UNIQUE_CHECKS */;
/*!40101 SET CHARACTER_SET_CLIENT=@OLD_CHARACTER_SET_CLIENT */;
/*!40101 SET CHARACTER_SET_RESULTS=@OLD_CHARACTER_SET_RESULTS */;
/*!40101 SET COLLATION_CONNECTION=@OLD_COLLATION_CONNECTION */;
/*!40111 SET SQL_NOTES=@OLD_SQL_NOTES */;

-- Dump completed on 2013-09-05  0:16:16
